{"type":"FeatureCollection","features":[{"type":"Feature","properties":{"class":"stream"},"geometry":{"type":"LineString","coordinates":[[-47.994376,-22.058146],[-47.994378,-22.058038]]}},{"type":"Feature","properties":{"class":"stream"},"geometry":{"type":"LineString","coordinates":[[-47.99315,-22.06441],[-47.993236,-22.063853],[-47.99345,-22.063296],[-47.993579,-22.062719],[-47.993601,-22.062262],[-47.993686,-22.061705],[-47.993922,-22.060929],[-47.994116,-22.060253],[-47.994223,-22.059517],[-47.994373,-22.059],[-47.994373,-22.058364],[-47.994376,-22.058146]]}},{"type":"Feature","properties":{"class":"stream"},"geometry":{"type":"LineString","coordinates":[[-47.994378,-22.058038],[-47.994395,-22.056853],[-47.99433,-22.056375],[-47.994244,-22.055878],[-47.994309,-22.055441],[-47.994437,-22.054983],[-47.994631,-22.054387],[-47.994673,-22.053909],[-47.994673,-22.053472],[-47.994459,-22.052875],[-47.993965,-22.051602],[-47.99345,-22.050409],[-47.993107,-22.049216],[-47.99285,-22.04848],[-47.992699,-22.047704],[-47.992742,-22.045994],[-47.992656,-22.045238],[-47.992528,-22.044621],[-47.992249,-22.043965],[-47.991798,-22.042971],[-47.991584,-22.042135],[-47.991455,-22.041061],[-47.991348,-22.040146],[-47.991305,-22.039291],[-47.991326,-22.038416],[-47.99139,-22.03768],[-47.991455,-22.037024],[-47.991515,-22.036592]]}},{"type":"Feature","properties":{"class":"stream"},"geometry":{"type":"LineString","coordinates":[[-48.019668,-22.025068],[-48.019432,-22.025585],[-48.018981,-22.025923],[-48.018852,-22.026281],[-48.018831,-22.027117],[-48.019131,-22.027514],[-48.019453,-22.028131],[-48.019775,-22.02837],[-48.02029,-22.029006],[-48.020676,-22.029583],[-48.021041,-22.03022],[-48.021406,-22.031015],[-48.021835,-22.03193],[-48.022221,-22.032825],[-48.022157,-22.033303],[-48.022092,-22.03386],[-48.021745,-22.034288]]}},{"type":"Feature","properties":{"class":"stream"},"geometry":{"type":"LineString","coordinates":[[-48.015934,-22.029583],[-48.016363,-22.029583],[-48.017093,-22.029603],[-48.017801,-22.029762],[-48.018681,-22.029782],[-48.019389,-22.029742],[-48.019925,-22.029603],[-48.020676,-22.029583]]}},{"type":"Feature","properties":{"class":"stream"},"geometry":{"type":"LineString","coordinates":[[-48.003636,-22.050254],[-48.004236,-22.050374],[-48.005052,-22.050493],[-48.005781,-22.050553],[-48.006618,-22.050453],[-48.007326,-22.050314],[-48.007562,-22.049976],[-48.007798,-22.049817],[-48.008206,-22.049817],[-48.008979,-22.049697],[-48.009987,-22.04916],[-48.011081,-22.048405],[-48.01179,-22.047828],[-48.012862,-22.046833],[-48.013077,-22.046217],[-48.013549,-22.045839],[-48.014,-22.045382],[-48.014236,-22.044984],[-48.014622,-22.044586],[-48.014922,-22.04389],[-48.015394,-22.042677],[-48.015995,-22.041722],[-48.016231,-22.041145],[-48.016768,-22.04023],[-48.017175,-22.039693],[-48.017656,-22.038529],[-48.017841,-22.037832],[-48.018063,-22.037432],[-48.018494,-22.036827],[-48.019123,-22.036255],[-48.019591,-22.035924],[-48.019677,-22.035547],[-48.019776,-22.035262],[-48.020059,-22.035147],[-48.020343,-22.034919],[-48.020429,-22.034747],[-48.020454,-22.034437]]}},{"type":"Feature","properties":{"class":"river","name":"Rio Monjolinho"},"geometry":{"type":"LineString","coordinates":[[-47.995382,-22.028974],[-47.995421,-22.029016],[-47.995462,-22.029087],[-47.99551,-22.029207],[-47.995528,-22.029311],[-47.995559,-22.029492],[-47.99561,-22.029743],[-47.99565,-22.029841],[-47.995715,-22.029919],[-47.995839,-22.030009],[-47.996081,-22.030135],[-47.996578,-22.030301],[-47.997072,-22.030397],[-47.997271,-22.030407],[-47.998424,-22.030247],[-47.998837,-22.030213],[-47.999128,-22.030259],[-47.999416,-22.030305],[-47.999921,-22.030459],[-48.000134,-22.030525],[-48.000409,-22.030495],[-48.000701,-22.030313],[-48.00109,-22.030063],[-48.001442,-22.029806],[-48.001771,-22.029625],[-48.002072,-22.029594],[-48.002422,-22.029608],[-48.002959,-22.029665],[-48.003121,-22.029769],[-48.003203,-22.02986],[-48.003241,-22.029992],[-48.003235,-22.030197],[-48.003343,-22.030339],[-48.003672,-22.030438],[-48.0042,-22.030368],[-48.004654,-22.030183],[-48.005144,-22.030154],[-48.005838,-22.030326],[-48.006606,-22.030563],[-48.006908,-22.030756],[-48.006981,-22.030921],[-48.006992,-22.031149],[-48.006879,-22.031293],[-48.00668,-22.031448],[-48.006463,-22.031666],[-48.006367,-22.031888],[-48.006431,-22.032087],[-48.00654,-22.032331],[-48.006766,-22.032868],[-48.006791,-22.03302],[-48.007036,-22.033441],[-48.00747,-22.033711],[-48.007782,-22.034004],[-48.008044,-22.034171],[-48.008581,-22.03442],[-48.008868,-22.034682],[-48.009151,-22.035233],[-48.009441,-22.035795],[-48.009622,-22.036063],[-48.00983,-22.036211],[-48.010056,-22.036394],[-48.010203,-22.036473],[-48.010386,-22.036511],[-48.010744,-22.036419],[-48.011001,-22.036181],[-48.011259,-22.036085],[-48.011409,-22.036138],[-48.011467,-22.036369],[-48.011517,-22.036615],[-48.011672,-22.036794],[-48.012078,-22.036719],[-48.0128,-22.03662],[-48.013891,-22.036599],[-48.014303,-22.03675],[-48.014579,-22.036769],[-48.014771,-22.036202],[-48.014663,-22.036092],[-48.014599,-22.035883],[-48.014728,-22.035585],[-48.015307,-22.034949],[-48.015586,-22.03477],[-48.015843,-22.03465],[-48.016112,-22.03467],[-48.016348,-22.03474],[-48.016637,-22.034819],[-48.016959,-22.034859],[-48.01723,-22.034837],[-48.01782,-22.034551],[-48.018223,-22.034397],[-48.018797,-22.034322],[-48.019108,-22.034302],[-48.019521,-22.034315],[-48.019832,-22.034359],[-48.020114,-22.034392],[-48.020355,-22.034446],[-48.020454,-22.034437],[-48.020634,-22.034324],[-48.020894,-22.034161],[-48.021174,-22.034062],[-48.021395,-22.034046],[-48.021605,-22.034113],[-48.021708,-22.03416],[-48.021745,-22.034288],[-48.02167,-22.03458],[-48.021755,-22.034793],[-48.021894,-22.034989],[-48.022086,-22.035152],[-48.022318,-22.035215],[-48.022635,-22.035326],[-48.022871,-22.035426],[-48.023115,-22.03551],[-48.023284,-22.035583],[-48.023493,-22.035652],[-48.023706,-22.035606],[-48.023869,-22.03552],[-48.023953,-22.035419],[-48.024056,-22.03529],[-48.024208,-22.035128],[-48.024389,-22.03506],[-48.024565,-22.035048],[-48.024743,-22.035002],[-48.024855,-22.034891],[-48.024953,-22.034773],[-48.02508,-22.034458],[-48.025109,-22.034033],[-48.025076,-22.033613],[-48.025082,-22.033421],[-48.025141,-22.033195],[-48.025223,-22.033068],[-48.025355,-22.032998],[-48.025584,-22.032903],[-48.025824,-22.032969],[-48.026033,-22.033071],[-48.026234,-22.033136],[-48.026435,-22.03308],[-48.026485,-22.032957],[-48.026485,-22.032778],[-48.026459,-22.032601],[-48.026406,-22.032374],[-48.026403,-22.032222],[-48.026448,-22.032054],[-48.026532,-22.031885],[-48.026632,-22.03181],[-48.026722,-22.031772],[-48.026852,-22.031798],[-48.027002,-22.031946],[-48.027145,-22.032038],[-48.027332,-22.032129],[-48.027557,-22.032224],[-48.027825,-22.032246],[-48.028109,-22.032181],[-48.028434,-22.032114],[-48.02886,-22.032156],[-48.029146,-22.032393],[-48.029345,-22.032578],[-48.029495,-22.032691],[-48.0297,-22.032733],[-48.029887,-22.03269],[-48.030087,-22.032619],[-48.030319,-22.032581],[-48.03052,-22.032555],[-48.030748,-22.032486],[-48.030829,-22.032366],[-48.030877,-22.031976],[-48.030907,-22.03155],[-48.030904,-22.031377],[-48.030963,-22.031281],[-48.031097,-22.031245],[-48.031387,-22.031199],[-48.0318,-22.031152],[-48.031965,-22.031101],[-48.032288,-22.03098],[-48.032712,-22.030897],[-48.032934,-22.030785],[-48.033015,-22.030633],[-48.033045,-22.030405],[-48.033235,-22.030232],[-48.033414,-22.030126],[-48.033633,-22.029817],[-48.033834,-22.029433],[-48.03413,-22.029058],[-48.034492,-22.028737],[-48.034763,-22.028288],[-48.034905,-22.028121],[-48.035023,-22.028087],[-48.035212,-22.028198],[-48.03529,-22.028274],[-48.035376,-22.028265],[-48.035565,-22.02812],[-48.035816,-22.028005],[-48.03616,-22.027893],[-48.036619,-22.027817],[-48.036883,-22.027741],[-48.037047,-22.027633],[-48.037102,-22.027541],[-48.037123,-22.027441],[-48.037112,-22.02735],[-48.037072,-22.027185],[-48.037118,-22.027072],[-48.037249,-22.027018],[-48.037413,-22.026998],[-48.037684,-22.026907],[-48.038125,-22.026463],[-48.038194,-22.026333],[-48.038168,-22.026188],[-48.038083,-22.026158],[-48.037909,-22.026212],[-48.037712,-22.026198],[-48.037632,-22.026151],[-48.037569,-22.026107],[-48.037524,-22.026049],[-48.037502,-22.025975],[-48.037491,-22.025911],[-48.037494,-22.025848],[-48.037512,-22.025785],[-48.037563,-22.025679],[-48.037734,-22.025461],[-48.037885,-22.025277],[-48.038069,-22.025137],[-48.038252,-22.025098],[-48.038444,-22.025093]]}},{"type":"Feature","properties":{"class":"stream"},"geometry":{"type":"LineString","coordinates":[[-48.016297,-22.027251],[-48.015792,-22.027009],[-48.014391,-22.026437],[-48.013794,-22.026195],[-48.012974,-22.02591]]}},{"type":"Feature","properties":{"class":"stream","name":"Córrego da Serra"},"geometry":{"type":"LineString","coordinates":[[-48.008187,-22.028534],[-48.007832,-22.028898],[-48.007552,-22.029625],[-48.007346,-22.030093],[-48.007085,-22.030474],[-48.006908,-22.030756]]}},{"type":"Feature","properties":{"class":"stream","name":"Córrego da Serra"},"geometry":{"type":"LineString","coordinates":[[-48.008231,-22.028501],[-48.008187,-22.028534]]}},{"type":"Feature","properties":{"class":"stream"},"geometry":{"type":"LineString","coordinates":[[-48.002155,-22.038252],[-48.002756,-22.037893],[-48.003078,-22.037595],[-48.003271,-22.037197],[-48.003486,-22.036819],[-48.003808,-22.036382],[-48.004237,-22.036024],[-48.004602,-22.035825],[-48.004966,-22.035387],[-48.005202,-22.03487],[-48.00531,-22.034472],[-48.005696,-22.034134],[-48.006082,-22.033717],[-48.006576,-22.03318],[-48.006791,-22.03302]]}},{"type":"Feature","properties":{"class":"stream"},"geometry":{"type":"LineString","coordinates":[[-47.984536,-22.025031],[-47.984718,-22.025055],[-47.984804,-22.0251],[-47.984767,-22.025249],[-47.984927,-22.025352],[-47.985149,-22.025363],[-47.985284,-22.025329],[-47.985371,-22.025363],[-47.985371,-22.025466],[-47.985457,-22.025592],[-47.985654,-22.025626],[-47.985888,-22.02574],[-47.986135,-22.025797],[-47.986344,-22.025786],[-47.986652,-22.025786],[-47.986999,-22.025786],[-47.987357,-22.025786],[-47.987763,-22.025726],[-47.987991,-22.02559],[-47.988219,-22.025484],[-47.988446,-22.025469],[-47.98869,-22.02556],[-47.988999,-22.02571],[-47.989178,-22.025876],[-47.989406,-22.025921],[-47.989731,-22.025921],[-47.989975,-22.025921],[-47.990251,-22.026027],[-47.99056,-22.026042],[-47.990804,-22.026042],[-47.990951,-22.026072],[-47.991455,-22.026253],[-47.991829,-22.026389],[-47.991975,-22.026479],[-47.992138,-22.026449],[-47.992317,-22.026434],[-47.992707,-22.026434],[-47.992886,-22.026434],[-47.993211,-22.026509],[-47.993471,-22.026705],[-47.99378,-22.027007],[-47.994008,-22.027293],[-47.99417,-22.027776],[-47.994187,-22.028032],[-47.994268,-22.028228],[-47.994447,-22.028394],[-47.994496,-22.028529]]}},{"type":"Feature","properties":{"class":"stream"},"geometry":{"type":"LineString","coordinates":[[-47.990273,-22.029256],[-47.990574,-22.029117],[-47.990939,-22.028997],[-47.991325,-22.028878],[-47.991904,-22.028818],[-47.992441,-22.028759],[-47.992998,-22.028838],[-47.993277,-22.028997],[-47.993599,-22.029097],[-47.993964,-22.029097],[-47.994451,-22.029098]]}},{"type":"Feature","properties":{"class":"stream"},"geometry":{"type":"LineString","coordinates":[[-47.994496,-22.028529],[-47.994447,-22.028635],[-47.994398,-22.028816],[-47.994431,-22.028982],[-47.994451,-22.029098],[-47.994516,-22.029311]]}},{"type":"Feature","properties":{"class":"stream"},"geometry":{"type":"LineString","coordinates":[[-47.999026,-22.017369],[-47.998354,-22.017767],[-47.997681,-22.018009],[-47.997139,-22.018338],[-47.996672,-22.018737],[-47.996224,-22.019083],[-47.996112,-22.019412],[-47.995832,-22.019758],[-47.995384,-22.019932],[-47.994917,-22.020157],[-47.994487,-22.020382],[-47.994169,-22.020676],[-47.994091,-22.021124]]}},{"type":"Feature","properties":{"class":"stream"},"geometry":{"type":"LineString","coordinates":[[-47.985381,-22.020941],[-47.98566,-22.02108],[-47.986175,-22.021041],[-47.986904,-22.0211],[-47.987741,-22.02122],[-47.988364,-22.021339],[-47.988879,-22.021538],[-47.989222,-22.021816],[-47.989501,-22.022314],[-47.989715,-22.022891],[-47.989844,-22.023388],[-47.990145,-22.023905],[-47.990188,-22.024223],[-47.990102,-22.024581],[-47.989866,-22.0248],[-47.989823,-22.024979],[-47.989887,-22.025297],[-47.989909,-22.025556],[-47.989737,-22.025695],[-47.989731,-22.025921]]}},{"type":"Feature","properties":{"class":"stream","name":"Córrego Can Can"},"geometry":{"type":"LineString","coordinates":[[-47.980481,-22.008104],[-47.981307,-22.008681],[-47.981628,-22.009329],[-47.982128,-22.010108],[-47.982503,-22.010562],[-47.982638,-22.0107],[-47.982863,-22.01074],[-47.983088,-22.01069],[-47.983324,-22.010631],[-47.983544,-22.010452],[-47.983704,-22.010363],[-47.984054,-22.010392],[-47.984573,-22.010629],[-47.984623,-22.010725],[-47.984611,-22.01088],[-47.984639,-22.011235],[-47.987513,-22.012909],[-47.987761,-22.013137],[-47.987905,-22.013163],[-47.988056,-22.013157],[-47.989708,-22.014549],[-47.989858,-22.014718],[-47.989976,-22.014828],[-47.990347,-22.014937],[-47.990601,-22.014964],[-47.990957,-22.015292],[-47.991444,-22.015701],[-47.991696,-22.016136],[-47.991747,-22.016305],[-47.991728,-22.016514],[-47.991728,-22.016783],[-47.992127,-22.017464],[-47.9922,-22.017533],[-47.992345,-22.017538],[-47.992444,-22.017528],[-47.992546,-22.017528],[-47.992659,-22.017591],[-47.992822,-22.017698],[-47.992932,-22.017735],[-47.992969,-22.017816],[-47.992924,-22.017929],[-47.99288,-22.018007],[-47.992902,-22.018067],[-47.992959,-22.018105],[-47.993377,-22.01906],[-47.993469,-22.019304],[-47.993506,-22.019388],[-47.993501,-22.019483],[-47.993453,-22.019597],[-47.993392,-22.019777],[-47.993399,-22.019836],[-47.99349,-22.019915],[-47.993587,-22.020035],[-47.99363,-22.020099],[-47.993624,-22.020144],[-47.993592,-22.020209],[-47.993592,-22.020249],[-47.993656,-22.020348],[-47.993801,-22.020547],[-47.993898,-22.020671],[-47.993934,-22.020772],[-47.993951,-22.02088],[-47.993935,-22.02097],[-47.993935,-22.021034],[-47.994009,-22.021115],[-47.994091,-22.021124],[-47.994171,-22.021149],[-47.994236,-22.021199],[-47.994295,-22.021323],[-47.994358,-22.021344],[-47.994396,-22.021364],[-47.994428,-22.021434],[-47.994434,-22.021527],[-47.994504,-22.021636],[-47.99452,-22.021711],[-47.994509,-22.021815],[-47.994504,-22.022024],[-47.994556,-22.022184],[-47.994702,-22.022342],[-47.994717,-22.022408],[-47.994697,-22.022511],[-47.994692,-22.022641],[-47.994707,-22.022702],[-47.994761,-22.02276],[-47.994853,-22.02284],[-47.994906,-22.022944],[-47.994921,-22.02303],[-47.994837,-22.023198],[-47.994853,-22.023277],[-47.994987,-22.023421],[-47.995086,-22.023621],[-47.995111,-22.02369],[-47.995153,-22.023804],[-47.995549,-22.024203],[-47.995737,-22.024481],[-47.995747,-22.024527],[-47.995748,-22.024585],[-47.995641,-22.024695],[-47.995577,-22.024769],[-47.995542,-22.024822],[-47.995543,-22.024968],[-47.995504,-22.025139],[-47.995481,-22.025208],[-47.995455,-22.025236],[-47.995445,-22.025265],[-47.995463,-22.02531],[-47.995571,-22.025403],[-47.995628,-22.025458],[-47.995648,-22.025589],[-47.995681,-22.025732],[-47.99531,-22.02692],[-47.995343,-22.027132],[-47.995402,-22.027237],[-47.995437,-22.027339],[-47.995438,-22.027453],[-47.995433,-22.027595],[-47.995376,-22.02776],[-47.995374,-22.027894],[-47.995345,-22.028053],[-47.995336,-22.028237],[-47.995381,-22.028338],[-47.995445,-22.02841],[-47.99553,-22.028456],[-47.995595,-22.028535],[-47.995656,-22.028641],[-47.995643,-22.028717],[-47.995587,-22.02878],[-47.995489,-22.028846],[-47.995411,-22.028894],[-47.995382,-22.028974]]}},{"type":"Feature","properties":{"class":"stream"},"geometry":{"type":"LineString","coordinates":[[-47.988951,-22.018948],[-47.98925,-22.019121],[-47.989511,-22.01926],[-47.989754,-22.019312],[-47.989997,-22.01945],[-47.990147,-22.019675],[-47.990277,-22.019953],[-47.990501,-22.020143]]}},{"type":"Feature","properties":{"class":"stream"},"geometry":{"type":"LineString","coordinates":[[-47.990501,-22.020143],[-47.9908,-22.020351],[-47.991062,-22.020455],[-47.991305,-22.020628],[-47.991622,-22.02094],[-47.991921,-22.021321],[-47.992257,-22.021355],[-47.99278,-22.021269],[-47.993079,-22.021217],[-47.99349,-22.021269],[-47.993789,-22.021303],[-47.994236,-22.021199]]}},{"type":"Feature","properties":{"class":"stream","name":"Córrego da Serra"},"geometry":{"type":"LineString","coordinates":[[-48.000064,-22.010766],[-48.000746,-22.011281]]}},{"type":"Feature","properties":{"class":"stream","name":"Córrego da Serra"},"geometry":{"type":"LineString","coordinates":[[-48.000746,-22.011281],[-48.000829,-22.011344]]}},{"type":"Feature","properties":{"class":"water"},"geometry":{"type":"Polygon","coordinates":[[[-48.004242,-22.011477],[-48.004157,-22.011309],[-48.003641,-22.011007],[-48.003527,-22.011038],[-48.00334,-22.011188],[-48.003213,-22.011321],[-48.003155,-22.011365],[-48.00309,-22.011399],[-48.00302,-22.011422],[-48.002946,-22.011434],[-48.002871,-22.011434],[-48.002092,-22.011316],[-48.001669,-22.011232],[-48.001412,-22.011194],[-48.001395,-22.011193],[-48.001379,-22.011195],[-48.001363,-22.0112],[-48.001348,-22.011206],[-48.001335,-22.011215],[-48.001323,-22.011226],[-48.001314,-22.011239],[-48.001307,-22.011253],[-48.001302,-22.011267],[-48.0013,-22.011282],[-48.001301,-22.011298],[-48.001305,-22.011313],[-48.001311,-22.011327],[-48.001568,-22.011495],[-48.001704,-22.01152],[-48.001805,-22.011677],[-48.002567,-22.012082],[-48.002992,-22.012231],[-48.003068,-22.012222],[-48.003247,-22.012345],[-48.003275,-22.01232],[-48.003393,-22.01238],[-48.003461,-22.01238],[-48.004196,-22.011568],[-48.004242,-22.011477]]]}},{"type":"Feature","properties":{"class":"reservoir"},"geometry":{"type":"Polygon","coordinates":[[[-48.006869,-22.013053],[-48.006681,-22.012879],[-48.006477,-22.01267],[-48.006375,-22.012501],[-48.006231,-22.012366],[-48.006123,-22.012401],[-48.006048,-22.012476],[-48.005898,-22.012386],[-48.00564,-22.012441],[-48.005469,-22.012461],[-48.005404,-22.01252],[-48.005592,-22.01263],[-48.005812,-22.012749],[-48.005919,-22.012879],[-48.005989,-22.013018],[-48.005936,-22.013247],[-48.005995,-22.01345],[-48.006209,-22.013809],[-48.006542,-22.014216],[-48.00674,-22.014366],[-48.007041,-22.014405],[-48.007432,-22.014445],[-48.007636,-22.0144],[-48.007539,-22.014157],[-48.007298,-22.013759],[-48.006869,-22.013053]]]}},{"type":"Feature","properties":{"class":"reservoir"},"geometry":{"type":"Polygon","coordinates":[[[-48.0078,-22.015733],[-48.00791,-22.015293],[-48.007912,-22.015039],[-48.00788,-22.014778],[-48.007746,-22.014686],[-48.007553,-22.014632],[-48.007156,-22.014699],[-48.006847,-22.014843],[-48.006652,-22.01499],[-48.00652,-22.015353],[-48.006544,-22.015621],[-48.006585,-22.015818],[-48.006552,-22.016034],[-48.006408,-22.016967],[-48.006434,-22.017056],[-48.006518,-22.017071],[-48.006735,-22.017024],[-48.007175,-22.016857],[-48.007416,-22.016738],[-48.007486,-22.016626],[-48.007593,-22.01633],[-48.0078,-22.015733]]]}},{"type":"Feature","properties":{"class":"water"},"geometry":{"type":"Polygon","coordinates":[[[-48.005168,-22.012058],[-48.005173,-22.012037],[-48.005174,-22.012016],[-48.005172,-22.011994],[-48.005166,-22.011974],[-48.005157,-22.011954],[-48.005144,-22.011936],[-48.004598,-22.01152],[-48.004564,-22.011507],[-48.004529,-22.0115],[-48.004493,-22.011498],[-48.004456,-22.011502],[-48.004421,-22.01151],[-48.004388,-22.011524],[-48.004357,-22.011542],[-48.004053,-22.011881],[-48.004035,-22.011903],[-48.004021,-22.011928],[-48.004011,-22.011954],[-48.004006,-22.011981],[-48.004006,-22.012008],[-48.004011,-22.012036],[-48.003955,-22.012105],[-48.003838,-22.012103],[-48.003642,-22.012317],[-48.003732,-22.012377],[-48.003749,-22.012382],[-48.003766,-22.012384],[-48.003783,-22.012383],[-48.0038,-22.01238],[-48.003816,-22.012375],[-48.003831,-22.012367],[-48.003845,-22.012356],[-48.003873,-22.012356],[-48.00387,-22.012372],[-48.00387,-22.012388],[-48.003873,-22.012403],[-48.003878,-22.012418],[-48.003885,-22.012433],[-48.003894,-22.012446],[-48.004442,-22.012898],[-48.005056,-22.012197],[-48.00516,-22.012078],[-48.005168,-22.012058]]]}},{"type":"Feature","properties":{"class":"stream","name":"Córrego da Serra"},"geometry":{"type":"LineString","coordinates":[[-48.000829,-22.011344],[-48.00135,-22.011737],[-48.002266,-22.012135],[-48.00333,-22.012187],[-48.004432,-22.012551],[-48.005086,-22.012758],[-48.005815,-22.013347],[-48.006076,-22.013988],[-48.006244,-22.014248],[-48.006394,-22.014785],[-48.006394,-22.015321],[-48.006412,-22.015806],[-48.006637,-22.016568],[-48.006767,-22.017085]]}},{"type":"Feature","properties":{"class":"stream"},"geometry":{"type":"LineString","coordinates":[[-48.00488,-22.020933],[-48.004618,-22.021314],[-48.004469,-22.021712],[-48.004319,-22.022509],[-48.004674,-22.023253],[-48.00501,-22.023461],[-48.005122,-22.023738],[-48.005029,-22.02424],[-48.004917,-22.024725],[-48.004917,-22.025176],[-48.00501,-22.026007],[-48.004992,-22.026509],[-48.004936,-22.02715],[-48.00501,-22.027375],[-48.005347,-22.027669],[-48.00572,-22.027998],[-48.005832,-22.028344],[-48.005739,-22.028864],[-48.005459,-22.02928],[-48.005421,-22.029609],[-48.005664,-22.02992],[-48.005838,-22.030326]]}},{"type":"Feature","properties":{"class":"stream","name":"Córrego da Serra"},"geometry":{"type":"LineString","coordinates":[[-48.006767,-22.017085],[-48.006792,-22.017182]]}},{"type":"Feature","properties":{"class":"pond"},"geometry":{"type":"Polygon","coordinates":[[[-48.008591,-22.017178],[-48.008505,-22.017009],[-48.00843,-22.016982],[-48.008312,-22.016982],[-48.00825,-22.017004],[-48.008226,-22.017054],[-48.008462,-22.017606],[-48.008529,-22.017698],[-48.008599,-22.01773],[-48.008717,-22.017725],[-48.0088,-22.017698],[-48.008816,-22.017638],[-48.008752,-22.017509],[-48.008591,-22.017178]]]}},{"type":"Feature","properties":{"class":"stream","name":"Córrego da Serra"},"geometry":{"type":"LineString","coordinates":[[-48.006792,-22.017182],[-48.006842,-22.017382],[-48.007122,-22.017919],[-48.007571,-22.018733],[-48.008112,-22.019443],[-48.009102,-22.020396],[-48.009644,-22.020846],[-48.010242,-22.021279],[-48.010653,-22.021642],[-48.011045,-22.021919],[-48.011549,-22.022058],[-48.012054,-22.022058],[-48.012577,-22.022231],[-48.012894,-22.022474],[-48.01353,-22.022785],[-48.013716,-22.023045],[-48.013847,-22.02353],[-48.014015,-22.023876],[-48.014034,-22.024326],[-48.013847,-22.024742],[-48.013698,-22.025088],[-48.013586,-22.025314],[-48.013175,-22.025694],[-48.012974,-22.02591],[-48.012708,-22.026197],[-48.012222,-22.026318],[-48.011624,-22.026145],[-48.011232,-22.026041],[-48.010821,-22.026145],[-48.010261,-22.026439],[-48.0097,-22.026699],[-48.009289,-22.02708],[-48.009065,-22.027721],[-48.008822,-22.02805],[-48.008231,-22.028501]]}},{"type":"Feature","properties":{"class":"stream"},"geometry":{"type":"LineString","coordinates":[[-48.015771,-22.019253],[-48.015659,-22.019685],[-48.015342,-22.019963],[-48.015173,-22.020482],[-48.015229,-22.021114],[-48.015061,-22.021504],[-48.014725,-22.021729],[-48.014389,-22.021833],[-48.014146,-22.022162],[-48.013772,-22.022474],[-48.01353,-22.022785]]}},{"type":"Feature","properties":{"class":"stream"},"geometry":{"type":"LineString","coordinates":[[-48.016467,-22.005291],[-48.016579,-22.005341]]}},{"type":"Feature","properties":{"class":"stream"},"geometry":{"type":"LineString","coordinates":[[-48.003931,-21.992349],[-48.004489,-21.992926],[-48.004811,-21.993583],[-48.004918,-21.99408],[-48.005261,-21.995035],[-48.00539,-21.99607],[-48.005455,-21.997005],[-48.005755,-21.99798],[-48.005969,-21.998895],[-48.006077,-21.999691],[-48.006206,-22.000268],[-48.006635,-22.000646],[-48.0073,-22.001044],[-48.008223,-22.001541],[-48.009145,-22.002118],[-48.010282,-22.002934],[-48.011634,-22.00367],[-48.012385,-22.004147],[-48.012943,-22.004406],[-48.013351,-22.004346],[-48.013844,-22.004326],[-48.014359,-22.004426],[-48.015561,-22.004883],[-48.016467,-22.005291]]}},{"type":"Feature","properties":{"class":"stream"},"geometry":{"type":"LineString","coordinates":[[-48.009991,-21.989974],[-48.010742,-21.990074],[-48.011579,-21.990094],[-48.012352,-21.990054],[-48.013296,-21.989895],[-48.014197,-21.989756],[-48.015098,-21.989517],[-48.015785,-21.989358],[-48.016407,-21.989238],[-48.017244,-21.989358],[-48.017931,-21.989457],[-48.018338,-21.989636],[-48.018853,-21.989875],[-48.019411,-21.989974],[-48.019926,-21.990094],[-48.020613,-21.990193],[-48.021235,-21.990333],[-48.022072,-21.990492],[-48.022673,-21.990591],[-48.023415,-21.99067]]}},{"type":"Feature","properties":{"class":"stream","name":"Córrego da Serra"},"geometry":{"type":"LineString","coordinates":[[-47.995356,-22.000598],[-47.995386,-22.000691],[-47.995651,-22.001116],[-47.995606,-22.001493],[-47.995658,-22.001727],[-47.995561,-22.001937],[-47.995625,-22.002164],[-47.996032,-22.002584],[-47.996271,-22.002979],[-47.996388,-22.00335],[-47.996465,-22.003824],[-47.996497,-22.004351],[-47.996594,-22.005088],[-47.996685,-22.005579],[-47.996846,-22.006298],[-47.99704,-22.006819],[-47.997241,-22.007226],[-47.997266,-22.007741],[-47.997299,-22.008167],[-47.997441,-22.008646],[-47.997654,-22.009059],[-47.998087,-22.009425],[-47.998811,-22.009844],[-48.000064,-22.010766]]}},{"type":"Feature","properties":{"class":"stream","name":"Córrego da Serra"},"geometry":{"type":"LineString","coordinates":[[-47.995323,-22.000494],[-47.995356,-22.000598]]}},{"type":"Feature","properties":{"class":"stream","name":"Córrego da Serra"},"geometry":{"type":"LineString","coordinates":[[-47.994579,-21.997767],[-47.994669,-21.998055],[-47.994785,-21.998432],[-47.994915,-21.99875],[-47.99505,-21.999247],[-47.995076,-21.999678],[-47.995134,-22.000026],[-47.995257,-22.000289],[-47.995323,-22.000494]]}},{"type":"Feature","properties":{"class":"stream","name":"Córrego da Serra"},"geometry":{"type":"LineString","coordinates":[[-47.995713,-21.980953],[-47.995401,-21.981344],[-47.994705,-21.981852],[-47.994453,-21.98247],[-47.994157,-21.983706],[-47.993965,-21.984942],[-47.99395,-21.986878],[-47.993728,-21.988032],[-47.993506,-21.98876],[-47.993387,-21.989625],[-47.993402,-21.990517],[-47.993387,-21.99141],[-47.993446,-21.992769],[-47.993891,-21.993799],[-47.994335,-21.995406],[-47.994409,-21.996587],[-47.994533,-21.997354]]}},{"type":"Feature","properties":{"class":"stream","name":"Córrego da Serra"},"geometry":{"type":"LineString","coordinates":[[-47.994533,-21.997354],[-47.994579,-21.997767]]}},{"type":"Feature","properties":{"class":"stream","name":"Córrego da Serra"},"geometry":{"type":"LineString","coordinates":[[-47.995775,-21.980877],[-47.995713,-21.980953]]}},{"type":"Feature","properties":{"class":"stream","name":"Córrego da Serra"},"geometry":{"type":"LineString","coordinates":[[-47.993997,-21.970143],[-47.994113,-21.970687],[-47.994483,-21.971566],[-47.995401,-21.972775],[-47.996156,-21.973777],[-47.996571,-21.974711],[-47.996912,-21.975769],[-47.997149,-21.976716],[-47.997134,-21.977787],[-47.997075,-21.97868],[-47.996645,-21.9796],[-47.996038,-21.980548],[-47.995775,-21.980877]]}},{"type":"Feature","properties":{"class":"stream"},"geometry":{"type":"LineString","coordinates":[[-48.003096,-21.979212],[-48.003663,-21.979396],[-48.004484,-21.979461],[-48.005121,-21.979632],[-48.005744,-21.979803],[-48.006876,-21.979894],[-48.00798,-21.980065],[-48.00866,-21.980157],[-48.009141,-21.980078],[-48.010019,-21.979829],[-48.010684,-21.979606],[-48.011038,-21.979459]]}},{"type":"Feature","properties":{"class":"stream"},"geometry":{"type":"LineString","coordinates":[[-48.014434,-21.981192],[-48.014542,-21.981244]]}},{"type":"Feature","properties":{"class":"stream"},"geometry":{"type":"LineString","coordinates":[[-48.007782,-21.970339],[-48.00798,-21.97072],[-48.008306,-21.97139],[-48.008773,-21.971967],[-48.009268,-21.972532],[-48.00982,-21.973241],[-48.01016,-21.973924],[-48.010316,-21.974777],[-48.010401,-21.975709],[-48.010231,-21.976982],[-48.010132,-21.97777],[-48.010401,-21.978558],[-48.010727,-21.979214],[-48.011038,-21.979459],[-48.011194,-21.979582],[-48.012128,-21.980133],[-48.012907,-21.98054],[-48.014223,-21.981091],[-48.014434,-21.981192]]}},{"type":"Feature","properties":{"class":"stream"},"geometry":{"type":"LineString","coordinates":[[-48.014542,-21.981244],[-48.015129,-21.981525],[-48.016531,-21.982129],[-48.017182,-21.982312],[-48.018357,-21.982614],[-48.019065,-21.982877],[-48.020212,-21.983205],[-48.020537,-21.983297],[-48.021098,-21.983487],[-48.02192,-21.98373],[-48.023136,-21.984148]]}},{"type":"Feature","properties":{"class":"stream"},"geometry":{"type":"LineString","coordinates":[[-48.016579,-22.005341],[-48.016977,-22.00552],[-48.017514,-22.005599],[-48.018651,-22.005619],[-48.019381,-22.00548],[-48.02026,-22.005361],[-48.020925,-22.005281],[-48.021505,-22.005281],[-48.021977,-22.00544],[-48.022857,-22.005838],[-48.023651,-22.006077],[-48.024573,-22.006713],[-48.025174,-22.007211],[-48.02556,-22.007489],[-48.025691,-22.007583]]}},{"type":"Feature","properties":{"class":"stream","name":"Ribeirão São José das correntes"},"geometry":{"type":"LineString","coordinates":[[-48.012465,-21.953746],[-48.012541,-21.953706],[-48.012825,-21.953678],[-48.0141,-21.954021],[-48.014371,-21.954026],[-48.014488,-21.953838],[-48.014704,-21.953301],[-48.015622,-21.9525],[-48.016164,-21.951872],[-48.016522,-21.951283],[-48.017428,-21.950866],[-48.02017,-21.950066],[-48.021821,-21.949654],[-48.022425,-21.949631],[-48.023115,-21.949677],[-48.023793,-21.949597],[-48.024847,-21.948928],[-48.025648,-21.948202],[-48.026067,-21.947414],[-48.025968,-21.947014],[-48.025981,-21.946625],[-48.026307,-21.945739],[-48.026554,-21.945276],[-48.026788,-21.944967],[-48.027336,-21.944579],[-48.027669,-21.944253],[-48.027829,-21.943882],[-48.028181,-21.943333],[-48.028501,-21.943207],[-48.028994,-21.942956],[-48.0299,-21.942515],[-48.031563,-21.94199],[-48.032716,-21.941561],[-48.033018,-21.941321],[-48.033517,-21.941081],[-48.034737,-21.940892],[-48.036232,-21.940896],[-48.037093,-21.940843],[-48.03837,-21.940444],[-48.039248,-21.93981],[-48.039964,-21.939425],[-48.040866,-21.939297],[-48.042354,-21.939011],[-48.04433,-21.938837],[-48.046932,-21.938762],[-48.048517,-21.938807],[-48.049111,-21.938724],[-48.050672,-21.938151],[-48.052656,-21.937314],[-48.05464,-21.936295],[-48.055917,-21.936024],[-48.056892,-21.936122],[-48.057746,-21.936243],[-48.058567,-21.93622],[-48.058933,-21.936099],[-48.059819,-21.935398],[-48.060958,-21.934463],[-48.062202,-21.933739],[-48.063047,-21.933625],[-48.063365,-21.933633],[-48.06369,-21.933527],[-48.063816,-21.933364],[-48.063922,-21.933259],[-48.064177,-21.933187],[-48.064403,-21.933377],[-48.064722,-21.933567],[-48.065444,-21.933778],[-48.065797,-21.93362],[-48.066003,-21.93339],[-48.066187,-21.93343],[-48.066888,-21.933778],[-48.067602,-21.933824],[-48.06814,-21.933778],[-48.06848,-21.933745],[-48.068678,-21.93387],[-48.068862,-21.934178],[-48.069315,-21.934296],[-48.069776,-21.934401],[-48.070314,-21.934336],[-48.070597,-21.934428],[-48.070816,-21.934664],[-48.071489,-21.934887],[-48.072621,-21.934894],[-48.073175,-21.935075],[-48.073527,-21.935189],[-48.074716,-21.935629],[-48.074978,-21.935629],[-48.075403,-21.93559],[-48.076189,-21.935728],[-48.076854,-21.935846],[-48.077434,-21.935774],[-48.079246,-21.935426],[-48.080202,-21.935406],[-48.082014,-21.935682],[-48.084123,-21.936089],[-48.085001,-21.936214],[-48.085822,-21.936437],[-48.08624,-21.936713],[-48.086233,-21.93691],[-48.086293,-21.937021]]}},{"type":"Feature","properties":{"class":"reservoir"},"geometry":{"type":"Polygon","coordinates":[[[-48.018158,-21.941813],[-48.018076,-21.941889],[-48.017955,-21.941989],[-48.017737,-21.942118],[-48.017601,-21.942272],[-48.017498,-21.942322],[-48.017398,-21.942287],[-48.017308,-21.942303],[-48.01719,-21.942342],[-48.017221,-21.942384],[-48.017347,-21.942427],[-48.017521,-21.942468],[-48.017642,-21.94253],[-48.017758,-21.942515],[-48.017837,-21.942551],[-48.017968,-21.942563],[-48.01823,-21.942618],[-48.018412,-21.942601],[-48.018682,-21.942585],[-48.018898,-21.942658],[-48.019268,-21.942749],[-48.019363,-21.942785],[-48.019401,-21.942746],[-48.01964,-21.941884],[-48.019553,-21.941815],[-48.019052,-21.941772],[-48.018972,-21.941798],[-48.018767,-21.94176],[-48.018587,-21.941706],[-48.018364,-21.941765],[-48.018158,-21.941813]]]}},{"type":"Feature","properties":{"class":"stream"},"geometry":{"type":"LineString","coordinates":[[-48.019119,-21.965562],[-48.01916,-21.966029],[-48.019338,-21.96664],[-48.019631,-21.96713],[-48.019924,-21.967575],[-48.020176,-21.968044]]}},{"type":"Feature","properties":{"class":"stream"},"geometry":{"type":"LineString","coordinates":[[-48.014711,-21.968151],[-48.01587,-21.969374],[-48.01656,-21.970003],[-48.017484,-21.970448],[-48.018359,-21.970643],[-48.019173,-21.970631],[-48.020122,-21.970471],[-48.020874,-21.970341]]}},{"type":"Feature","properties":{"class":"stream","name":"Ribeirão São José das correntes"},"geometry":{"type":"LineString","coordinates":[[-48.012311,-21.953808],[-48.012465,-21.953746]]}},{"type":"Feature","properties":{"class":"stream","name":"Ribeirão São José das correntes"},"geometry":{"type":"LineString","coordinates":[[-48.005868,-21.95374],[-48.006151,-21.953804],[-48.007525,-21.954101],[-48.008721,-21.954272],[-48.009805,-21.954249],[-48.010957,-21.954089],[-48.012042,-21.953935],[-48.012311,-21.953808]]}},{"type":"Feature","properties":{"class":"stream","name":"Ribeirão São José das correntes"},"geometry":{"type":"LineString","coordinates":[[-48.005763,-21.953717],[-48.005868,-21.95374]]}},{"type":"Feature","properties":{"class":"pond","name":"Lagoa dos Patos"},"geometry":{"type":"Polygon","coordinates":[[[-48.006467,-21.955402],[-48.006501,-21.955461],[-48.006527,-21.955559],[-48.006625,-21.955587],[-48.006769,-21.955618],[-48.00692,-21.955596],[-48.007087,-21.955566],[-48.007183,-21.955501],[-48.007163,-21.955426],[-48.007137,-21.955402],[-48.006807,-21.955207],[-48.006669,-21.955145],[-48.006541,-21.955108],[-48.006465,-21.955227],[-48.006467,-21.955402]]]}},{"type":"Feature","properties":{"class":"stream","name":"Ribeirão São José das correntes"},"geometry":{"type":"LineString","coordinates":[[-48.002674,-21.95303],[-48.003918,-21.953369],[-48.0046,-21.953468],[-48.005763,-21.953717]]}},{"type":"Feature","properties":{"class":"stream","name":"Córrego da Serra"},"geometry":{"type":"LineString","coordinates":[[-47.998031,-21.960599],[-47.997682,-21.96133],[-47.997352,-21.962099],[-47.996813,-21.96284],[-47.996293,-21.96359],[-47.995954,-21.964507],[-47.995804,-21.965072],[-47.995684,-21.965565]]}},{"type":"Feature","properties":{"class":"stream","name":"Córrego da Serra"},"geometry":{"type":"LineString","coordinates":[[-47.995684,-21.965565],[-47.995663,-21.965653]]}},{"type":"Feature","properties":{"class":"stream","name":"Córrego da Serra"},"geometry":{"type":"LineString","coordinates":[[-47.995663,-21.965653],[-47.995574,-21.966017],[-47.995435,-21.966832],[-47.995125,-21.96762],[-47.994825,-21.968222],[-47.994426,-21.968703],[-47.994039,-21.96919],[-47.993997,-21.969535],[-47.99395,-21.969918],[-47.993979,-21.970055]]}},{"type":"Feature","properties":{"class":"stream","name":"Córrego da Serra"},"geometry":{"type":"LineString","coordinates":[[-47.993979,-21.970055],[-47.993997,-21.970143]]}},{"type":"Feature","properties":{"class":"stream"},"geometry":{"type":"LineString","coordinates":[[-47.988324,-21.961821],[-47.988593,-21.962544],[-47.988953,-21.963007],[-47.989232,-21.963424],[-47.989342,-21.964165],[-47.989482,-21.964711],[-47.989872,-21.965248],[-47.990321,-21.965952],[-47.990691,-21.966453],[-47.99134,-21.967166],[-47.992169,-21.967916],[-47.992728,-21.968472],[-47.993377,-21.969018],[-47.993997,-21.969535]]}},{"type":"Feature","properties":{"class":"stream","name":"Córrego Monte Alegre"},"geometry":{"type":"LineString","coordinates":[[-47.986741,-21.954248],[-47.986776,-21.954112],[-47.986891,-21.95411],[-47.986922,-21.953977],[-47.986951,-21.953594],[-47.986954,-21.953421],[-47.986974,-21.953115],[-47.987318,-21.952931],[-47.98745,-21.952673],[-47.987395,-21.952543],[-47.987424,-21.952332],[-47.987453,-21.952218],[-47.987504,-21.952127],[-47.987482,-21.952018],[-47.987507,-21.951928],[-47.987576,-21.951763],[-47.987588,-21.951622],[-47.987562,-21.951404],[-47.987533,-21.951255],[-47.987536,-21.951146],[-47.98753,-21.951047],[-47.98747,-21.950965],[-47.987398,-21.950824],[-47.987329,-21.950603],[-47.987252,-21.950531],[-47.987203,-21.950409],[-47.9872,-21.950305],[-47.987183,-21.950156],[-47.987109,-21.949985],[-47.987089,-21.949855],[-47.987123,-21.949778],[-47.987054,-21.949677],[-47.986994,-21.949557],[-47.986954,-21.949395],[-47.986965,-21.94927],[-47.986929,-21.949129],[-47.986928,-21.949093]]}},{"type":"Feature","properties":{"class":"pond"},"geometry":{"type":"Polygon","coordinates":[[[-47.997334,-21.954706],[-47.997332,-21.954704],[-47.997322,-21.954697],[-47.997303,-21.954692],[-47.997292,-21.954692],[-47.997279,-21.954695],[-47.997266,-21.954707],[-47.997258,-21.954721],[-47.997258,-21.954736],[-47.997267,-21.954745],[-47.997281,-21.954759],[-47.997295,-21.954763],[-47.997313,-21.954762],[-47.997324,-21.954758],[-47.997333,-21.95475],[-47.997339,-21.95474],[-47.997342,-21.954728],[-47.997339,-21.954718],[-47.997334,-21.954706]]]}},{"type":"Feature","properties":{"class":"reservoir"},"geometry":{"type":"Polygon","coordinates":[[[-47.987773,-21.94896],[-47.987733,-21.948963],[-47.987564,-21.949137],[-47.987571,-21.949172],[-47.988248,-21.949982],[-47.988282,-21.94998],[-47.988315,-21.949951],[-47.988351,-21.949755],[-47.98835,-21.949679],[-47.987819,-21.948989],[-47.987773,-21.94896]]]}},{"type":"Feature","properties":{"class":"reservoir"},"geometry":{"type":"Polygon","coordinates":[[[-47.987454,-21.949208],[-47.987293,-21.949352],[-47.987272,-21.949414],[-47.987445,-21.949898],[-47.987607,-21.950301],[-47.987665,-21.9504],[-47.9877,-21.950411],[-47.987885,-21.950285],[-47.988095,-21.950091],[-47.988107,-21.949997],[-47.987808,-21.949582],[-47.98751,-21.9492],[-47.987454,-21.949208]]]}},{"type":"Feature","properties":{"class":"stream","name":"Córrego Monte Alegre"},"geometry":{"type":"LineString","coordinates":[[-47.986928,-21.949093],[-47.986879,-21.948929]]}},{"type":"Feature","properties":{"class":"reservoir"},"geometry":{"type":"Polygon","coordinates":[[[-47.988152,-21.948573],[-47.987903,-21.948814],[-47.987896,-21.948877],[-47.98792,-21.948936],[-47.988276,-21.949318],[-47.988505,-21.94955],[-47.98858,-21.949593],[-47.988734,-21.94959],[-47.98883,-21.949541],[-47.988884,-21.949495],[-47.988886,-21.949448],[-47.988812,-21.949329],[-47.988523,-21.948926],[-47.988217,-21.948534],[-47.988152,-21.948573]]]}},{"type":"Feature","properties":{"class":"stream","name":"Córrego Monte Alegre"},"geometry":{"type":"LineString","coordinates":[[-47.986879,-21.948929],[-47.98685,-21.948836],[-47.986876,-21.948703],[-47.986868,-21.948565],[-47.986799,-21.948455],[-47.986744,-21.948352],[-47.98681,-21.948229],[-47.986816,-21.948112],[-47.986759,-21.948019],[-47.98679,-21.947923],[-47.98681,-21.947798],[-47.986773,-21.947652],[-47.986799,-21.947532],[-47.986695,-21.947338],[-47.986604,-21.947146],[-47.986472,-21.946971],[-47.986222,-21.94667],[-47.986145,-21.946497],[-47.986047,-21.946364],[-47.985995,-21.946167],[-47.986047,-21.94609],[-47.986018,-21.945858],[-47.986033,-21.945776],[-47.986119,-21.94545],[-47.986096,-21.945048],[-47.986105,-21.944931],[-47.986102,-21.944673],[-47.986103,-21.944604],[-47.986079,-21.944407],[-47.986073,-21.94425],[-47.986053,-21.944178],[-47.986011,-21.944157],[-47.985915,-21.944168],[-47.985846,-21.94387],[-47.985846,-21.94371],[-47.985838,-21.943625],[-47.985785,-21.943264],[-47.985749,-21.94316],[-47.985636,-21.943103],[-47.985541,-21.94305],[-47.98552,-21.942918],[-47.985511,-21.942845],[-47.985437,-21.942707],[-47.985398,-21.9425],[-47.985401,-21.942367],[-47.985376,-21.942281],[-47.985318,-21.942127],[-47.985263,-21.942033],[-47.985184,-21.942024],[-47.985101,-21.94198],[-47.985028,-21.941829],[-47.984992,-21.941695],[-47.984969,-21.941287],[-47.984953,-21.940833],[-47.984957,-21.940382],[-47.984945,-21.940057],[-47.98493,-21.939631],[-47.984933,-21.93945],[-47.984991,-21.939188],[-47.984996,-21.938978],[-47.98505,-21.938773],[-47.985098,-21.938604],[-47.985088,-21.938499],[-47.985076,-21.938315],[-47.985019,-21.93816],[-47.984992,-21.938012],[-47.984926,-21.937667],[-47.984865,-21.937351],[-47.984792,-21.936994],[-47.984687,-21.936839],[-47.984625,-21.936734],[-47.984419,-21.936523],[-47.984295,-21.936455],[-47.98427,-21.936341],[-47.984321,-21.93616]]}},{"type":"Feature","properties":{"class":"stream","name":"Córrego São João"},"geometry":{"type":"LineString","coordinates":[[-47.997084,-21.945983],[-47.996929,-21.945765],[-47.996825,-21.945371],[-47.996722,-21.945095],[-47.996684,-21.944907],[-47.996699,-21.944807],[-47.996682,-21.944626],[-47.996647,-21.944398],[-47.996636,-21.944094],[-47.996481,-21.943679],[-47.99627,-21.943493],[-47.995993,-21.943317],[-47.995779,-21.942855],[-47.995684,-21.94262],[-47.995586,-21.942492],[-47.995546,-21.942279],[-47.995597,-21.942067],[-47.995437,-21.941806],[-47.995414,-21.941039],[-47.995563,-21.940651],[-47.995718,-21.940289],[-47.995695,-21.940108],[-47.995712,-21.939874],[-47.995827,-21.939725],[-47.99581,-21.939586],[-47.995861,-21.939352],[-47.995959,-21.939209],[-47.996045,-21.93907],[-47.996011,-21.938873],[-47.996034,-21.938602],[-47.996057,-21.938432],[-47.996137,-21.938288],[-47.996177,-21.938011],[-47.996177,-21.937601],[-47.996238,-21.936809],[-47.996307,-21.936407],[-47.996338,-21.936227],[-47.996216,-21.935654],[-47.995419,-21.934326],[-47.994753,-21.933496],[-47.993866,-21.932674],[-47.992891,-21.931256],[-47.99185,-21.929967],[-47.991557,-21.929589],[-47.991419,-21.929416],[-47.991411,-21.929235],[-47.991491,-21.929095]]}},{"type":"Feature","properties":{"class":"water"},"geometry":{"type":"Polygon","coordinates":[[[-48.002169,-21.945196],[-48.002135,-21.94518],[-48.002096,-21.945176],[-48.002059,-21.945184],[-48.002026,-21.945203],[-48.002002,-21.945232],[-48.00199,-21.945266],[-48.001991,-21.945302],[-48.002005,-21.945335],[-48.00203,-21.945362],[-48.002061,-21.945379],[-48.002097,-21.945386],[-48.002133,-21.945382],[-48.002166,-21.945369],[-48.002192,-21.945346],[-48.002209,-21.945316],[-48.002216,-21.945283],[-48.002211,-21.94525],[-48.002195,-21.94522],[-48.002169,-21.945196]]]}},{"type":"Feature","properties":{"class":"pond"},"geometry":{"type":"Polygon","coordinates":[[[-48.001305,-21.948742],[-48.00123,-21.948904],[-48.001305,-21.948929],[-48.001388,-21.948777],[-48.001305,-21.948742]]]}},{"type":"Feature","properties":{"class":"stream"},"geometry":{"type":"LineString","coordinates":[[-47.855317,-21.940974],[-47.855479,-21.941037],[-47.855708,-21.941037],[-47.856005,-21.940974],[-47.856275,-21.940937],[-47.856545,-21.940987],[-47.856761,-21.941037],[-47.857044,-21.941025]]}},{"type":"Feature","properties":{"class":"stream"},"geometry":{"type":"LineString","coordinates":[[-47.856761,-21.942927],[-47.856815,-21.942626],[-47.856855,-21.942464],[-47.857017,-21.942263],[-47.85716,-21.94208],[-47.857146,-21.941917],[-47.857119,-21.94171],[-47.857105,-21.941576],[-47.857273,-21.941475],[-47.857235,-21.941296],[-47.857215,-21.941139],[-47.857384,-21.940839]]}},{"type":"Feature","properties":{"class":"stream"},"geometry":{"type":"LineString","coordinates":[[-47.855075,-21.943044],[-47.855196,-21.942864],[-47.855479,-21.942701],[-47.855526,-21.942561],[-47.855616,-21.942433],[-47.855771,-21.942412],[-47.855843,-21.942188],[-47.85641,-21.942005],[-47.856465,-21.941947],[-47.856527,-21.941887],[-47.856656,-21.94185],[-47.856694,-21.941741],[-47.856772,-21.941508],[-47.85695,-21.941112],[-47.857044,-21.941025],[-47.85726,-21.940962],[-47.857384,-21.940839],[-47.857462,-21.940762],[-47.857813,-21.940574],[-47.858196,-21.940371],[-47.85844,-21.940226],[-47.858749,-21.94007],[-47.859074,-21.9399],[-47.859233,-21.939755],[-47.859356,-21.939606],[-47.85953,-21.939544],[-47.859729,-21.939466],[-47.860056,-21.939156],[-47.86035,-21.938881],[-47.860455,-21.938598],[-47.860454,-21.938388],[-47.860505,-21.938022]]}},{"type":"Feature","properties":{"class":"stream","name":"Córrego do Engenho Velho"},"geometry":{"type":"LineString","coordinates":[[-47.862933,-21.954162],[-47.863005,-21.954041],[-47.863075,-21.953959],[-47.863115,-21.953791],[-47.863063,-21.953585],[-47.86308,-21.953447],[-47.863005,-21.953285],[-47.862927,-21.953096],[-47.862913,-21.952949],[-47.862913,-21.952822],[-47.86285,-21.952692],[-47.862846,-21.952572],[-47.862873,-21.952291],[-47.862845,-21.952138],[-47.862885,-21.95197],[-47.862881,-21.951764],[-47.862877,-21.951529],[-47.862877,-21.951327],[-47.862877,-21.951252],[-47.862871,-21.951119],[-47.862877,-21.950957],[-47.862877,-21.950807],[-47.862917,-21.950579],[-47.862917,-21.950399],[-47.862917,-21.950205],[-47.862917,-21.950048],[-47.86293,-21.949506],[-47.86297,-21.949214],[-47.863119,-21.949094],[-47.863138,-21.948518],[-47.863161,-21.948336],[-47.863195,-21.947652],[-47.863248,-21.947181],[-47.863299,-21.946645],[-47.863672,-21.946159],[-47.863818,-21.945986],[-47.863908,-21.945739],[-47.863928,-21.945424],[-47.863888,-21.945117],[-47.863705,-21.944676],[-47.863655,-21.944336],[-47.863612,-21.944016],[-47.863539,-21.943687],[-47.863475,-21.943462],[-47.863285,-21.943182],[-47.863092,-21.942729],[-47.862996,-21.9425],[-47.862881,-21.942233],[-47.862814,-21.942079],[-47.862655,-21.941746],[-47.862615,-21.941489],[-47.862483,-21.941049],[-47.862391,-21.94076],[-47.862174,-21.940542],[-47.862044,-21.940379],[-47.86188,-21.940252],[-47.861708,-21.940103],[-47.861514,-21.93991],[-47.861446,-21.939803],[-47.861186,-21.939588],[-47.861103,-21.939497],[-47.860946,-21.939261],[-47.860791,-21.939024],[-47.860688,-21.938803],[-47.860588,-21.938579],[-47.860519,-21.93819],[-47.860505,-21.938022],[-47.860507,-21.93782],[-47.860444,-21.937614],[-47.860379,-21.937407],[-47.860468,-21.937372],[-47.860614,-21.937277],[-47.860673,-21.937156],[-47.860703,-21.936888],[-47.860761,-21.936629],[-47.860715,-21.936468],[-47.860633,-21.936188],[-47.860572,-21.935901],[-47.860608,-21.935684],[-47.860695,-21.935568],[-47.860706,-21.935227],[-47.860595,-21.935062],[-47.860604,-21.934856],[-47.860526,-21.934592],[-47.860757,-21.934443],[-47.860806,-21.934185],[-47.860678,-21.933844],[-47.860618,-21.933587],[-47.860651,-21.933352],[-47.860618,-21.932996],[-47.860576,-21.93272]]}},{"type":"Feature","properties":{"class":"stream"},"geometry":{"type":"LineString","coordinates":[[-47.869756,-21.952133],[-47.869299,-21.951402],[-47.868656,-21.950778],[-47.868081,-21.949913],[-47.867241,-21.949019],[-47.86641,-21.948103],[-47.865961,-21.947773],[-47.865776,-21.94765],[-47.865433,-21.947443],[-47.865289,-21.947315],[-47.865066,-21.94727],[-47.864807,-21.947115],[-47.864387,-21.946993],[-47.863928,-21.946867],[-47.863299,-21.946645]]}},{"type":"Feature","properties":{"class":"water"},"geometry":{"type":"Polygon","coordinates":[[[-47.862701,-21.948104],[-47.862595,-21.94896],[-47.862571,-21.949127],[-47.862541,-21.949316],[-47.862571,-21.9495],[-47.862643,-21.949678],[-47.862661,-21.949878],[-47.862709,-21.950045],[-47.862775,-21.950368],[-47.862829,-21.950641],[-47.862829,-21.950836],[-47.862817,-21.951047],[-47.862871,-21.951119],[-47.862926,-21.951109],[-47.862925,-21.950875],[-47.862987,-21.950731],[-47.863024,-21.950576],[-47.863044,-21.950423],[-47.863066,-21.950277],[-47.863069,-21.950134],[-47.863091,-21.950029],[-47.863132,-21.949974],[-47.863186,-21.949935],[-47.863191,-21.949826],[-47.863327,-21.949516],[-47.86354,-21.949176],[-47.863742,-21.948834],[-47.863882,-21.948591],[-47.863877,-21.948474],[-47.863843,-21.948424],[-47.863818,-21.94834],[-47.863808,-21.948224],[-47.86272,-21.948018],[-47.862701,-21.948104]]]}},{"type":"Feature","properties":{"class":"water"},"geometry":{"type":"Polygon","coordinates":[[[-47.855119,-21.943336],[-47.855215,-21.943329],[-47.855257,-21.9433],[-47.855261,-21.943236],[-47.855075,-21.943044],[-47.854965,-21.94293],[-47.854909,-21.942928],[-47.854867,-21.942961],[-47.854854,-21.943039],[-47.854863,-21.943106],[-47.854924,-21.943249],[-47.855034,-21.943347],[-47.855119,-21.943336]]]}},{"type":"Feature","properties":{"class":"stream","name":"Córrego do Engenho Velho"},"geometry":{"type":"LineString","coordinates":[[-47.859685,-21.960701],[-47.859685,-21.960251],[-47.859739,-21.959663],[-47.859834,-21.959212],[-47.859941,-21.958949],[-47.859995,-21.958687],[-47.859995,-21.958361],[-47.860036,-21.958174],[-47.860279,-21.957873],[-47.860373,-21.957723],[-47.860373,-21.957498],[-47.860427,-21.957198],[-47.860664,-21.956991],[-47.86094,-21.956822],[-47.861183,-21.956509],[-47.861183,-21.956109],[-47.861264,-21.955971],[-47.861537,-21.95586],[-47.861776,-21.955734],[-47.862006,-21.955446],[-47.862613,-21.954532],[-47.862933,-21.954162]]}},{"type":"Feature","properties":{"class":"stream"},"geometry":{"type":"LineString","coordinates":[[-47.867227,-21.956822],[-47.867065,-21.95671],[-47.866782,-21.956522],[-47.866377,-21.956347],[-47.866229,-21.956172],[-47.865986,-21.956084],[-47.865662,-21.955696],[-47.865379,-21.955558],[-47.864839,-21.955408],[-47.864394,-21.955308],[-47.863827,-21.95507],[-47.863328,-21.954682],[-47.862933,-21.954162]]}},{"type":"Feature","properties":{"class":"stream","name":"Córrego do Fazzari"},"geometry":{"type":"LineString","coordinates":[[-47.884384,-21.967542],[-47.885616,-21.969011],[-47.886912,-21.969483],[-47.887168,-21.969701],[-47.887266,-21.969815],[-47.887301,-21.970003],[-47.887346,-21.970138],[-47.887363,-21.970205],[-47.887371,-21.97043],[-47.887368,-21.970674],[-47.887375,-21.970923],[-47.887322,-21.971173],[-47.887281,-21.97126],[-47.887172,-21.971428],[-47.887119,-21.971536],[-47.887003,-21.971701],[-47.887003,-21.971755]]}},{"type":"Feature","properties":{"class":"stream"},"geometry":{"type":"LineString","coordinates":[[-47.884309,-21.96744],[-47.884384,-21.967542]]}},{"type":"Feature","properties":{"class":"water"},"geometry":{"type":"Polygon","coordinates":[[[-47.884586,-21.967262],[-47.884562,-21.967247],[-47.884501,-21.967217],[-47.8844,-21.967196],[-47.884362,-21.967185],[-47.884258,-21.967122],[-47.884192,-21.967129],[-47.88413,-21.967154],[-47.884108,-21.967167],[-47.884097,-21.967201],[-47.884097,-21.967234],[-47.88407,-21.967284],[-47.884065,-21.967336],[-47.884094,-21.967417],[-47.884173,-21.967566],[-47.884309,-21.96744],[-47.884584,-21.967284],[-47.884586,-21.967262]]]}},{"type":"Feature","properties":{"class":"stream"},"geometry":{"type":"LineString","coordinates":[[-47.882337,-21.95927],[-47.882341,-21.959221]]}},{"type":"Feature","properties":{"class":"water"},"geometry":{"type":"Polygon","coordinates":[[[-47.882251,-21.959424],[-47.882254,-21.959481],[-47.882291,-21.959551],[-47.882318,-21.959675],[-47.882358,-21.959725],[-47.882425,-21.959772],[-47.882492,-21.959834],[-47.8825,-21.959911],[-47.88246,-21.959969],[-47.882452,-21.960036],[-47.882522,-21.960095],[-47.882608,-21.960145],[-47.88279,-21.960302],[-47.882879,-21.960357],[-47.882932,-21.960396],[-47.882973,-21.960456],[-47.883005,-21.960466],[-47.883005,-21.960429],[-47.882965,-21.960374],[-47.882951,-21.960312],[-47.882951,-21.96024],[-47.882903,-21.960173],[-47.88283,-21.960063],[-47.882763,-21.959969],[-47.882683,-21.959804],[-47.882581,-21.959439],[-47.882527,-21.959401],[-47.882509,-21.959347],[-47.882527,-21.959309],[-47.88249,-21.959274],[-47.882441,-21.959237],[-47.882337,-21.95927],[-47.882238,-21.959309],[-47.882227,-21.959352],[-47.882251,-21.959424]]]}},{"type":"Feature","properties":{"class":"stream","name":"Córrego do Fazzari"},"geometry":{"type":"LineString","coordinates":[[-47.884309,-21.96744],[-47.884108,-21.967167],[-47.883625,-21.966427],[-47.883557,-21.966167],[-47.883681,-21.965988],[-47.883866,-21.965836],[-47.884441,-21.965609],[-47.884793,-21.965196],[-47.884754,-21.964654],[-47.88466,-21.964165],[-47.884557,-21.96389],[-47.884402,-21.963675],[-47.884272,-21.963484],[-47.88385,-21.962897],[-47.883544,-21.96215],[-47.883256,-21.961296],[-47.882757,-21.960567],[-47.881913,-21.959108],[-47.88153,-21.958059],[-47.881242,-21.956493],[-47.881165,-21.956049],[-47.880743,-21.954697],[-47.880763,-21.954145],[-47.880724,-21.953647],[-47.880571,-21.953185],[-47.880628,-21.952562],[-47.880705,-21.9521],[-47.880667,-21.951619],[-47.880686,-21.951352],[-47.880763,-21.951068],[-47.880782,-21.950481],[-47.880763,-21.949972],[-47.880667,-21.949307],[-47.880839,-21.948061],[-47.880816,-21.947421],[-47.880814,-21.947078],[-47.880743,-21.946638],[-47.880609,-21.946122],[-47.880562,-21.945245],[-47.880628,-21.944934],[-47.880631,-21.944713],[-47.880593,-21.944384],[-47.880526,-21.94422],[-47.880621,-21.944004],[-47.880575,-21.943852],[-47.880626,-21.94374],[-47.88078,-21.943553],[-47.880763,-21.943362],[-47.88083,-21.943242],[-47.880965,-21.943217],[-47.881122,-21.942987],[-47.881501,-21.942374],[-47.881979,-21.941666],[-47.882228,-21.941162],[-47.882587,-21.940533],[-47.882925,-21.940011]]}},{"type":"Feature","properties":{"class":"pond","name":"Piscina samambaia"},"geometry":{"type":"Polygon","coordinates":[[[-47.882549,-21.954456],[-47.882549,-21.954489],[-47.882569,-21.954491],[-47.882568,-21.954457],[-47.882549,-21.954456]]]}},{"type":"Feature","properties":{"class":"water"},"geometry":{"type":"Polygon","coordinates":[[[-47.881486,-21.947835],[-47.881513,-21.947721],[-47.88157,-21.947618],[-47.881613,-21.947476],[-47.88162,-21.947365],[-47.881532,-21.947262],[-47.881432,-21.947248],[-47.880645,-21.947611],[-47.880566,-21.947646],[-47.880518,-21.947668],[-47.880526,-21.947764],[-47.880553,-21.947796],[-47.880553,-21.947885],[-47.880587,-21.947985],[-47.880633,-21.948078],[-47.880683,-21.948163],[-47.880714,-21.94827],[-47.880714,-21.948409],[-47.880703,-21.948516],[-47.880695,-21.948658],[-47.880703,-21.948818],[-47.880718,-21.948947],[-47.880718,-21.949107],[-47.880763,-21.949155],[-47.880795,-21.949189],[-47.880845,-21.94916],[-47.880944,-21.949046],[-47.88106,-21.949043],[-47.881113,-21.949053],[-47.88119,-21.949],[-47.881286,-21.949011],[-47.881279,-21.948833],[-47.88129,-21.948637],[-47.881348,-21.948516],[-47.88139,-21.948419],[-47.88144,-21.948284],[-47.881505,-21.948167],[-47.88154,-21.948088],[-47.881513,-21.947971],[-47.881486,-21.947835]]]}},{"type":"Feature","properties":{"class":"water"},"geometry":{"type":"Polygon","coordinates":[[[-47.880925,-21.949469],[-47.881302,-21.949477],[-47.881309,-21.949187],[-47.880931,-21.94918],[-47.880925,-21.949469]]]}},{"type":"Feature","properties":{"class":"stream"},"geometry":{"type":"LineString","coordinates":[[-47.882925,-21.940011],[-47.883364,-21.939503],[-47.88418,-21.938699],[-47.884504,-21.938415],[-47.885256,-21.938306],[-47.885439,-21.9372],[-47.885687,-21.934705],[-47.886235,-21.931037],[-47.886491,-21.930204]]}},{"type":"Feature","properties":{"class":"stream","name":"Córrego da Jararaca"},"geometry":{"type":"LineString","coordinates":[[-47.901864,-21.941003],[-47.90152,-21.939986],[-47.901308,-21.93944],[-47.901236,-21.939012],[-47.901196,-21.938683],[-47.901031,-21.938193],[-47.900718,-21.937794],[-47.899987,-21.937103]]}},{"type":"Feature","properties":{"class":"stream","name":"Córrego da Jararaca"},"geometry":{"type":"LineString","coordinates":[[-47.90207,-21.94167],[-47.901864,-21.941003]]}},{"type":"Feature","properties":{"class":"water"},"geometry":{"type":"Polygon","coordinates":[[[-47.901181,-21.941815],[-47.901117,-21.941815],[-47.901018,-21.942025],[-47.901082,-21.942062],[-47.901119,-21.942067],[-47.901148,-21.942077],[-47.901182,-21.941992],[-47.901121,-21.941969],[-47.901128,-21.941943],[-47.901141,-21.941939],[-47.901162,-21.941923],[-47.901202,-21.941936],[-47.901225,-21.941836],[-47.901181,-21.941815]]]}},{"type":"Feature","properties":{"class":"water"},"geometry":{"type":"Polygon","coordinates":[[[-47.898833,-21.94174],[-47.898849,-21.941742],[-47.898865,-21.941742],[-47.89888,-21.941739],[-47.898895,-21.941734],[-47.898909,-21.941727],[-47.898922,-21.941717],[-47.898932,-21.941706],[-47.898941,-21.941693],[-47.898947,-21.94168],[-47.898951,-21.941665],[-47.898952,-21.94165],[-47.89895,-21.941636],[-47.898946,-21.941621],[-47.89893,-21.941593],[-47.898908,-21.941568],[-47.898883,-21.941546],[-47.898854,-21.941528],[-47.898834,-21.941521],[-47.898816,-21.94151],[-47.898799,-21.941498],[-47.898785,-21.941483],[-47.898773,-21.941467],[-47.898764,-21.941449],[-47.89873,-21.941387],[-47.898721,-21.941377],[-47.89871,-21.941368],[-47.898698,-21.941361],[-47.898684,-21.941356],[-47.89867,-21.941353],[-47.898656,-21.941352],[-47.898642,-21.941353],[-47.898628,-21.941357],[-47.898615,-21.941362],[-47.898603,-21.94137],[-47.898559,-21.941407],[-47.898521,-21.94145],[-47.898491,-21.941497],[-47.898469,-21.941549],[-47.898456,-21.941603],[-47.898452,-21.941658],[-47.898457,-21.941714],[-47.898463,-21.941726],[-47.89847,-21.941738],[-47.898479,-21.941749],[-47.89849,-21.941758],[-47.898502,-21.941766],[-47.898515,-21.941772],[-47.89853,-21.941775],[-47.898544,-21.941777],[-47.898559,-21.941776],[-47.898573,-21.941773],[-47.89869,-21.941732],[-47.898731,-21.941726],[-47.898771,-21.941726],[-47.898811,-21.941733],[-47.898817,-21.941736],[-47.898833,-21.94174]]]}},{"type":"Feature","properties":{"class":"water"},"geometry":{"type":"Polygon","coordinates":[[[-47.896188,-21.946386],[-47.896341,-21.946304],[-47.89637,-21.946277],[-47.896402,-21.946236],[-47.896413,-21.946213],[-47.896419,-21.946181],[-47.896414,-21.946148],[-47.896384,-21.946083],[-47.89635,-21.946041],[-47.896321,-21.946013],[-47.896306,-21.945962],[-47.896285,-21.945944],[-47.896258,-21.945932],[-47.896228,-21.94593],[-47.896204,-21.945922],[-47.896181,-21.945912],[-47.896164,-21.945905],[-47.896038,-21.945859],[-47.896016,-21.945854],[-47.895994,-21.945857],[-47.895893,-21.945889],[-47.895806,-21.94593],[-47.895779,-21.945954],[-47.895763,-21.945996],[-47.895742,-21.94606],[-47.895735,-21.946112],[-47.895748,-21.94616],[-47.895773,-21.946243],[-47.895775,-21.946297],[-47.895776,-21.94635],[-47.895785,-21.946395],[-47.895802,-21.946435],[-47.895827,-21.946458],[-47.895893,-21.946497],[-47.895924,-21.946506],[-47.895957,-21.946511],[-47.895985,-21.946513],[-47.896006,-21.946511],[-47.896037,-21.946505],[-47.896077,-21.946485],[-47.896115,-21.94646],[-47.896157,-21.946417],[-47.896188,-21.946386]],[[-47.896249,-21.946291],[-47.896091,-21.946417],[-47.896069,-21.946433],[-47.896044,-21.946443],[-47.896014,-21.946446],[-47.895976,-21.946443],[-47.895943,-21.946433],[-47.895914,-21.946419],[-47.895895,-21.946399],[-47.895886,-21.946372],[-47.895884,-21.946344],[-47.895894,-21.946271],[-47.895888,-21.946222],[-47.895852,-21.946108],[-47.895852,-21.946084],[-47.895861,-21.946062],[-47.895877,-21.946043],[-47.895923,-21.946028],[-47.895937,-21.946025],[-47.895967,-21.946027],[-47.895994,-21.946038],[-47.896061,-21.946095],[-47.896073,-21.946102],[-47.896099,-21.946109],[-47.896126,-21.946108],[-47.896214,-21.94608],[-47.896278,-21.94607],[-47.896307,-21.946073],[-47.89632,-21.946078],[-47.896344,-21.946093],[-47.896361,-21.946114],[-47.896372,-21.946141],[-47.896375,-21.946165],[-47.89637,-21.946204],[-47.896351,-21.946239],[-47.896249,-21.946291]]]}},{"type":"Feature","properties":{"class":"water"},"geometry":{"type":"Polygon","coordinates":[[[-47.898256,-21.944034],[-47.898237,-21.944113],[-47.898234,-21.944176],[-47.898237,-21.944218],[-47.898268,-21.944292],[-47.898317,-21.944339],[-47.898406,-21.944361],[-47.898622,-21.944323],[-47.898725,-21.944329],[-47.898888,-21.944397],[-47.898928,-21.9444],[-47.898967,-21.94439],[-47.899001,-21.944369],[-47.899012,-21.944351],[-47.899022,-21.944318],[-47.899022,-21.944288],[-47.899007,-21.944253],[-47.898818,-21.944101],[-47.898768,-21.944044],[-47.89874,-21.943976],[-47.898735,-21.943904],[-47.898788,-21.943647],[-47.898786,-21.943526],[-47.898767,-21.943489],[-47.898736,-21.943459],[-47.898696,-21.943441],[-47.898652,-21.943435],[-47.898608,-21.943443],[-47.898569,-21.943464],[-47.89854,-21.943495],[-47.898323,-21.943883],[-47.898256,-21.944034]]]}},{"type":"Feature","properties":{"class":"stream","name":"Córrego da Jararaca"},"geometry":{"type":"LineString","coordinates":[[-47.90025,-21.950455],[-47.900319,-21.950268],[-47.900309,-21.949956],[-47.900205,-21.949615],[-47.90039,-21.948461],[-47.900404,-21.948154],[-47.900617,-21.947142],[-47.90101,-21.94616],[-47.901226,-21.944913],[-47.901534,-21.94402],[-47.901719,-21.943365],[-47.901935,-21.94254],[-47.901906,-21.942304],[-47.901952,-21.94209],[-47.902081,-21.941851],[-47.90207,-21.94167]]}},{"type":"Feature","properties":{"class":"water"},"geometry":{"type":"Polygon","coordinates":[[[-47.899131,-21.948218],[-47.899166,-21.948217],[-47.899199,-21.948205],[-47.899225,-21.948183],[-47.899243,-21.948153],[-47.899248,-21.948136],[-47.899249,-21.948092],[-47.899257,-21.948076],[-47.899347,-21.947983],[-47.89937,-21.947945],[-47.899378,-21.947903],[-47.899371,-21.947861],[-47.899362,-21.947841],[-47.899326,-21.947819],[-47.899284,-21.947807],[-47.899241,-21.947809],[-47.899201,-21.947822],[-47.899189,-21.947837],[-47.899182,-21.947854],[-47.899171,-21.947972],[-47.899158,-21.948001],[-47.899129,-21.948032],[-47.899104,-21.948041],[-47.899078,-21.948043],[-47.898942,-21.948004],[-47.898912,-21.948001],[-47.898867,-21.948006],[-47.89884,-21.948018],[-47.898818,-21.948038],[-47.898806,-21.94806],[-47.898802,-21.948084],[-47.898805,-21.948108],[-47.898817,-21.948129],[-47.898834,-21.948145],[-47.898845,-21.948151],[-47.898868,-21.948158],[-47.898905,-21.94816],[-47.898958,-21.948146],[-47.898991,-21.948145],[-47.899008,-21.948148],[-47.899038,-21.948161],[-47.899097,-21.948208],[-47.899131,-21.948218]]]}},{"type":"Feature","properties":{"class":"stream","name":"Córrego da Jararaca"},"geometry":{"type":"LineString","coordinates":[[-47.900216,-21.95089],[-47.90025,-21.950455]]}},{"type":"Feature","properties":{"class":"stream"},"geometry":{"type":"LineString","coordinates":[[-47.888569,-21.967104],[-47.888108,-21.968315],[-47.88733,-21.969609],[-47.887266,-21.969815]]}},{"type":"Feature","properties":{"class":"water"},"geometry":{"type":"Polygon","coordinates":[[[-47.892982,-21.969782],[-47.892973,-21.969765],[-47.892958,-21.969752],[-47.892939,-21.969745],[-47.892919,-21.969744],[-47.892902,-21.969748],[-47.892894,-21.969751],[-47.892882,-21.96976],[-47.892877,-21.969767],[-47.892872,-21.96978],[-47.892871,-21.969788],[-47.892876,-21.96982],[-47.892881,-21.969829],[-47.892888,-21.969835],[-47.892893,-21.969838],[-47.892913,-21.969844],[-47.892923,-21.969849],[-47.892939,-21.969864],[-47.892949,-21.969882],[-47.892952,-21.969903],[-47.892951,-21.969913],[-47.892907,-21.97003],[-47.892907,-21.970054],[-47.892916,-21.970077],[-47.892932,-21.970095],[-47.892943,-21.970102],[-47.89297,-21.970104],[-47.892996,-21.970097],[-47.893018,-21.970083],[-47.893026,-21.970068],[-47.893029,-21.970051],[-47.893009,-21.969915],[-47.892982,-21.969782]]]}},{"type":"Feature","properties":{"class":"water"},"geometry":{"type":"Polygon","coordinates":[[[-47.896203,-21.968141],[-47.89616,-21.968118],[-47.896105,-21.96811],[-47.896057,-21.968125],[-47.896007,-21.968146],[-47.895976,-21.968178],[-47.895953,-21.968233],[-47.895951,-21.968268],[-47.895949,-21.968299],[-47.895955,-21.968332],[-47.895968,-21.968361],[-47.895989,-21.968388],[-47.896014,-21.96841],[-47.896052,-21.96844],[-47.896088,-21.968464],[-47.896122,-21.968498],[-47.896144,-21.968526],[-47.896165,-21.968547],[-47.896189,-21.968579],[-47.896216,-21.968623],[-47.896247,-21.968669],[-47.896274,-21.968697],[-47.896304,-21.968723],[-47.896358,-21.968746],[-47.896436,-21.968755],[-47.896525,-21.968734],[-47.89658,-21.968683],[-47.896625,-21.968647],[-47.896663,-21.968619],[-47.896697,-21.968611],[-47.896731,-21.968587],[-47.896761,-21.96856],[-47.896777,-21.968525],[-47.896777,-21.968491],[-47.896762,-21.968457],[-47.89675,-21.96843],[-47.89672,-21.968408],[-47.89669,-21.968397],[-47.896649,-21.968397],[-47.896612,-21.9684],[-47.89657,-21.968414],[-47.896534,-21.968427],[-47.89648,-21.968437],[-47.896444,-21.968433],[-47.896393,-21.96842],[-47.896359,-21.968401],[-47.896318,-21.968371],[-47.896288,-21.968343],[-47.89627,-21.968307],[-47.896262,-21.968274],[-47.896258,-21.968241],[-47.896243,-21.968201],[-47.896226,-21.968168],[-47.896203,-21.968141]]]}},{"type":"Feature","properties":{"class":"water"},"geometry":{"type":"Polygon","coordinates":[[[-47.896714,-21.967824],[-47.896743,-21.967819],[-47.896767,-21.967828],[-47.89679,-21.967846],[-47.896806,-21.967883],[-47.896826,-21.967933],[-47.896851,-21.967999],[-47.89687,-21.96805],[-47.896878,-21.968084],[-47.8969,-21.968113],[-47.896915,-21.968136],[-47.896949,-21.968148],[-47.896971,-21.968153],[-47.897012,-21.968157],[-47.89705,-21.968147],[-47.897086,-21.968126],[-47.89712,-21.968094],[-47.897143,-21.968059],[-47.897151,-21.968033],[-47.897157,-21.968001],[-47.897162,-21.967954],[-47.897156,-21.967908],[-47.897135,-21.967865],[-47.897112,-21.967832],[-47.897069,-21.967793],[-47.897029,-21.967767],[-47.89699,-21.967747],[-47.896945,-21.967729],[-47.896905,-21.967726],[-47.896873,-21.967726],[-47.896834,-21.967739],[-47.896807,-21.967742],[-47.896757,-21.967724],[-47.896745,-21.967697],[-47.896721,-21.967641],[-47.896702,-21.967611],[-47.896682,-21.967586],[-47.896655,-21.967565],[-47.896629,-21.967554],[-47.896591,-21.967542],[-47.896552,-21.967545],[-47.896508,-21.967557],[-47.896467,-21.967586],[-47.896439,-21.967623],[-47.896425,-21.967661],[-47.896411,-21.967718],[-47.896408,-21.967752],[-47.896413,-21.967774],[-47.896428,-21.967805],[-47.896444,-21.967825],[-47.896473,-21.967845],[-47.896513,-21.967858],[-47.896555,-21.967863],[-47.896592,-21.967859],[-47.896631,-21.967854],[-47.896661,-21.967845],[-47.896689,-21.967833],[-47.896714,-21.967824]]]}},{"type":"Feature","properties":{"class":"water"},"geometry":{"type":"Polygon","coordinates":[[[-47.90203,-21.964268],[-47.902001,-21.964269],[-47.901982,-21.964281],[-47.901963,-21.964307],[-47.901964,-21.964322],[-47.901971,-21.964353],[-47.901973,-21.964379],[-47.90197,-21.964406],[-47.901961,-21.964435],[-47.90194,-21.964469],[-47.90192,-21.96449],[-47.901891,-21.964508],[-47.901868,-21.964529],[-47.901848,-21.964554],[-47.901838,-21.964587],[-47.901842,-21.964629],[-47.901859,-21.964661],[-47.901887,-21.964687],[-47.901916,-21.964701],[-47.901949,-21.964709],[-47.901981,-21.964701],[-47.902005,-21.964684],[-47.902024,-21.964663],[-47.90204,-21.964629],[-47.902051,-21.964604],[-47.902072,-21.964567],[-47.902106,-21.964524],[-47.90215,-21.964481],[-47.902185,-21.964461],[-47.902207,-21.964437],[-47.90222,-21.964409],[-47.902204,-21.964375],[-47.902134,-21.964323],[-47.902085,-21.964306],[-47.90207,-21.964293],[-47.902056,-21.964279],[-47.90203,-21.964268]]]}},{"type":"Feature","properties":{"class":"pond"},"geometry":{"type":"Polygon","coordinates":[[[-47.901057,-21.963441],[-47.901053,-21.963412],[-47.901071,-21.963378],[-47.901073,-21.963342],[-47.901054,-21.96331],[-47.901026,-21.963291],[-47.90099,-21.963291],[-47.900952,-21.963302],[-47.900914,-21.96332],[-47.900882,-21.963341],[-47.900857,-21.963347],[-47.900825,-21.963348],[-47.900809,-21.963358],[-47.900798,-21.963369],[-47.900799,-21.963388],[-47.900818,-21.9634],[-47.900843,-21.963402],[-47.900874,-21.9634],[-47.900892,-21.963414],[-47.900901,-21.963438],[-47.900913,-21.963458],[-47.900929,-21.96346],[-47.900946,-21.963456],[-47.900967,-21.963454],[-47.901034,-21.963479],[-47.901041,-21.963557],[-47.901067,-21.963568],[-47.901071,-21.963585],[-47.90107,-21.963603],[-47.901106,-21.963598],[-47.901133,-21.963577],[-47.901142,-21.96355],[-47.901137,-21.963524],[-47.901114,-21.963501],[-47.901085,-21.963484],[-47.901065,-21.963461],[-47.901057,-21.963441]]]}},{"type":"Feature","properties":{"class":"water"},"geometry":{"type":"Polygon","coordinates":[[[-47.899877,-21.963867],[-47.899879,-21.963834],[-47.899875,-21.9638],[-47.899868,-21.963768],[-47.89985,-21.963733],[-47.899823,-21.963698],[-47.899788,-21.963669],[-47.899757,-21.963654],[-47.899718,-21.963642],[-47.899683,-21.963638],[-47.899647,-21.963642],[-47.899615,-21.963654],[-47.899608,-21.963672],[-47.899608,-21.963694],[-47.899623,-21.963718],[-47.899646,-21.963756],[-47.899659,-21.963801],[-47.899663,-21.963842],[-47.899656,-21.963876],[-47.899641,-21.963904],[-47.899622,-21.963942],[-47.899609,-21.963965],[-47.899608,-21.963984],[-47.899619,-21.964007],[-47.899638,-21.964018],[-47.899687,-21.964022],[-47.899737,-21.964015],[-47.899779,-21.963999],[-47.899812,-21.963976],[-47.899852,-21.963933],[-47.899877,-21.963867]]]}},{"type":"Feature","properties":{"class":"stream","name":"Córrego da Jararaca"},"geometry":{"type":"LineString","coordinates":[[-47.89878,-21.956451],[-47.898911,-21.956192]]}},{"type":"Feature","properties":{"class":"stream","name":"Córrego da Jararaca"},"geometry":{"type":"LineString","coordinates":[[-47.898781,-21.958696],[-47.898815,-21.958612],[-47.898855,-21.958441],[-47.898965,-21.958372],[-47.899124,-21.95823],[-47.899188,-21.958144],[-47.899202,-21.958032],[-47.899138,-21.957919],[-47.899185,-21.957673],[-47.899105,-21.957148],[-47.899044,-21.95685],[-47.898841,-21.956504],[-47.89878,-21.956451]]}},{"type":"Feature","properties":{"class":"water"},"geometry":{"type":"Polygon","coordinates":[[[-47.899046,-21.958256],[-47.899032,-21.958313],[-47.899103,-21.958289],[-47.899237,-21.958253],[-47.899388,-21.95812],[-47.899457,-21.95794],[-47.899455,-21.957865],[-47.899472,-21.957741],[-47.899459,-21.957707],[-47.899414,-21.957648],[-47.899379,-21.957546],[-47.899381,-21.957474],[-47.899445,-21.957372],[-47.899494,-21.957344],[-47.899549,-21.957334],[-47.89961,-21.957329],[-47.899653,-21.957264],[-47.899786,-21.956941],[-47.89982,-21.956747],[-47.899785,-21.956664],[-47.899029,-21.956444],[-47.89887,-21.956428],[-47.898777,-21.956417],[-47.898744,-21.956437],[-47.89874,-21.956494],[-47.898834,-21.956618],[-47.898833,-21.956712],[-47.898832,-21.95689],[-47.89884,-21.957022],[-47.898945,-21.957669],[-47.898878,-21.957766],[-47.898886,-21.957848],[-47.898924,-21.957944],[-47.898972,-21.958009],[-47.899022,-21.958055],[-47.899097,-21.958129],[-47.899092,-21.958199],[-47.899046,-21.958256]]]}},{"type":"Feature","properties":{"class":"stream","name":"Córrego da Jararaca"},"geometry":{"type":"LineString","coordinates":[[-47.898765,-21.958771],[-47.898781,-21.958696]]}},{"type":"Feature","properties":{"class":"stream","name":"Córrego da Jararaca"},"geometry":{"type":"LineString","coordinates":[[-47.897853,-21.96152],[-47.898037,-21.961297],[-47.89823,-21.961014],[-47.898302,-21.960791],[-47.89831,-21.960412],[-47.898326,-21.960107],[-47.898414,-21.95978],[-47.898542,-21.959415],[-47.898679,-21.959125],[-47.898765,-21.958771]]}},{"type":"Feature","properties":{"class":"canal"},"geometry":{"type":"LineString","coordinates":[[-47.899095,-21.952694],[-47.899113,-21.952567]]}},{"type":"Feature","properties":{"class":"stream","name":"Córrego da Jararaca"},"geometry":{"type":"LineString","coordinates":[[-47.900385,-21.952592],[-47.900349,-21.95248],[-47.90029,-21.952454],[-47.900284,-21.952209],[-47.900259,-21.952047],[-47.900026,-21.951591],[-47.900026,-21.951315],[-47.900216,-21.95089]]}},{"type":"Feature","properties":{"class":"water"},"geometry":{"type":"Polygon","coordinates":[[[-47.900273,-21.952449],[-47.900323,-21.952415],[-47.900375,-21.952417],[-47.900397,-21.952412],[-47.900435,-21.952404],[-47.900507,-21.952274],[-47.900566,-21.952117],[-47.900784,-21.951671],[-47.900967,-21.951334],[-47.901135,-21.950975],[-47.90113,-21.950932],[-47.901113,-21.950896],[-47.901055,-21.950851],[-47.900922,-21.950816],[-47.900841,-21.950804],[-47.900779,-21.950801],[-47.900719,-21.950817],[-47.900579,-21.950813],[-47.899767,-21.950815],[-47.899691,-21.950828],[-47.899647,-21.950851],[-47.899644,-21.950932],[-47.899603,-21.951422],[-47.899592,-21.951635],[-47.899588,-21.951757],[-47.899605,-21.951794],[-47.899633,-21.951825],[-47.89967,-21.951849],[-47.899736,-21.951876],[-47.899967,-21.95192],[-47.900058,-21.951964],[-47.900087,-21.95202],[-47.90009,-21.952063],[-47.900074,-21.952113],[-47.900008,-21.95214],[-47.899871,-21.952114],[-47.899821,-21.952104],[-47.899771,-21.952111],[-47.899725,-21.952139],[-47.899716,-21.952214],[-47.899757,-21.952323],[-47.899767,-21.952395],[-47.899793,-21.952443],[-47.89982,-21.952459],[-47.899894,-21.952477],[-47.900026,-21.952505],[-47.900085,-21.95251],[-47.900154,-21.95251],[-47.900212,-21.952496],[-47.900262,-21.952479],[-47.900273,-21.952449]]]}},{"type":"Feature","properties":{"class":"canal"},"geometry":{"type":"LineString","coordinates":[[-47.899113,-21.952567],[-47.899143,-21.952534],[-47.899785,-21.952288],[-47.899987,-21.952262],[-47.900151,-21.952217],[-47.900186,-21.952182],[-47.900259,-21.952047]]}},{"type":"Feature","properties":{"class":"stream","name":"Córrego da Jararaca"},"geometry":{"type":"LineString","coordinates":[[-47.900388,-21.953022],[-47.900385,-21.952592]]}},{"type":"Feature","properties":{"class":"canal"},"geometry":{"type":"LineString","coordinates":[[-47.899797,-21.953387],[-47.899138,-21.952782],[-47.899095,-21.952694]]}},{"type":"Feature","properties":{"class":"stream","name":"Córrego da Jararaca"},"geometry":{"type":"LineString","coordinates":[[-47.898911,-21.956192],[-47.899227,-21.955665]]}},{"type":"Feature","properties":{"class":"stream","name":"Córrego da Jararaca"},"geometry":{"type":"LineString","coordinates":[[-47.899227,-21.955665],[-47.899735,-21.954934]]}},{"type":"Feature","properties":{"class":"water"},"geometry":{"type":"Polygon","coordinates":[[[-47.899804,-21.95479],[-47.899821,-21.95484],[-47.89986,-21.954877],[-47.899897,-21.9549],[-47.899973,-21.95476],[-47.900145,-21.954518],[-47.900235,-21.954359],[-47.900287,-21.954184],[-47.900366,-21.95389],[-47.900433,-21.953653],[-47.900503,-21.953403],[-47.900552,-21.953171],[-47.900549,-21.953031],[-47.900517,-21.95297],[-47.900466,-21.95294],[-47.899643,-21.952804],[-47.899166,-21.952766],[-47.899138,-21.952782],[-47.899126,-21.952856],[-47.899141,-21.953037],[-47.899188,-21.953216],[-47.899283,-21.953335],[-47.899348,-21.953561],[-47.899376,-21.953769],[-47.899398,-21.953866],[-47.899441,-21.953929],[-47.899501,-21.953999],[-47.899587,-21.954061],[-47.899743,-21.954303],[-47.899778,-21.954447],[-47.899764,-21.954571],[-47.899804,-21.95479]]]}},{"type":"Feature","properties":{"class":"stream","name":"Córrego da Jararaca"},"geometry":{"type":"LineString","coordinates":[[-47.899735,-21.954934],[-47.89984,-21.954695],[-47.899932,-21.95453],[-47.899975,-21.954281],[-47.899851,-21.953798],[-47.899797,-21.953387],[-47.900388,-21.953022]]}},{"type":"Feature","properties":{"class":"stream"},"geometry":{"type":"LineString","coordinates":[[-47.908879,-21.957952],[-47.909088,-21.95745],[-47.909109,-21.956638],[-47.909067,-21.95573],[-47.908984,-21.954764],[-47.908984,-21.953972],[-47.909067,-21.953315],[-47.909463,-21.952619],[-47.909838,-21.952116],[-47.910171,-21.951672],[-47.9104,-21.951247],[-47.910504,-21.950938],[-47.910646,-21.95065]]}},{"type":"Feature","properties":{"class":"pond"},"geometry":{"type":"Polygon","coordinates":[[[-47.913626,-21.95873],[-47.913596,-21.958723],[-47.913401,-21.958798],[-47.913384,-21.958805],[-47.913366,-21.95881],[-47.913348,-21.958813],[-47.913329,-21.958813],[-47.913311,-21.95881],[-47.913293,-21.958805],[-47.912461,-21.958601],[-47.912396,-21.958619],[-47.912367,-21.958655],[-47.912358,-21.958683],[-47.912355,-21.958713],[-47.912357,-21.958742],[-47.912364,-21.958771],[-47.912498,-21.959096],[-47.912521,-21.959146],[-47.912551,-21.959191],[-47.912588,-21.959233],[-47.91263,-21.959269],[-47.912689,-21.959307],[-47.912754,-21.959335],[-47.912822,-21.959355],[-47.912893,-21.959364],[-47.912964,-21.959363],[-47.913103,-21.959349],[-47.913237,-21.959313],[-47.913362,-21.959257],[-47.913476,-21.959182],[-47.913574,-21.95909],[-47.913654,-21.958985],[-47.91367,-21.95892],[-47.913649,-21.958742],[-47.913626,-21.95873]]]}},{"type":"Feature","properties":{"class":"pond"},"geometry":{"type":"Polygon","coordinates":[[[-47.912584,-21.958417],[-47.912584,-21.958412],[-47.912583,-21.958406],[-47.912581,-21.958401],[-47.912578,-21.958396],[-47.912574,-21.958391],[-47.91257,-21.958388],[-47.912482,-21.958357],[-47.912477,-21.958356],[-47.912473,-21.958356],[-47.912468,-21.958357],[-47.912463,-21.958358],[-47.912459,-21.95836],[-47.912456,-21.958363],[-47.912452,-21.958366],[-47.91245,-21.958369],[-47.912403,-21.958506],[-47.912403,-21.958511],[-47.912404,-21.958517],[-47.912405,-21.958522],[-47.912408,-21.958527],[-47.912411,-21.958531],[-47.912415,-21.958535],[-47.91242,-21.958538],[-47.912513,-21.958562],[-47.912519,-21.958561],[-47.912525,-21.958559],[-47.91253,-21.958556],[-47.912535,-21.958553],[-47.912539,-21.958549],[-47.912542,-21.958544],[-47.912544,-21.958539],[-47.912583,-21.958423],[-47.912584,-21.958417]]]}},{"type":"Feature","properties":{"class":"pond"},"geometry":{"type":"Polygon","coordinates":[[[-47.912321,-21.957554],[-47.912068,-21.957644],[-47.912064,-21.957795],[-47.912182,-21.95785],[-47.912267,-21.957899],[-47.912346,-21.957958],[-47.912416,-21.958025],[-47.912478,-21.958101],[-47.912529,-21.958182],[-47.912601,-21.958288],[-47.912727,-21.958378],[-47.912735,-21.958385],[-47.91274,-21.958393],[-47.912745,-21.958402],[-47.912747,-21.958412],[-47.912748,-21.958422],[-47.912748,-21.958432],[-47.912745,-21.958442],[-47.912741,-21.958451],[-47.912689,-21.958475],[-47.912682,-21.95848],[-47.912676,-21.958487],[-47.912671,-21.958495],[-47.912669,-21.958503],[-47.912667,-21.958512],[-47.912667,-21.95852],[-47.912669,-21.958529],[-47.912673,-21.958537],[-47.912677,-21.958544],[-47.912683,-21.958551],[-47.912691,-21.958557],[-47.912699,-21.958561],[-47.912707,-21.958564],[-47.912717,-21.958565],[-47.913284,-21.958741],[-47.913293,-21.95874],[-47.913301,-21.958739],[-47.913309,-21.958736],[-47.913316,-21.958731],[-47.913323,-21.958726],[-47.913328,-21.95872],[-47.913332,-21.958712],[-47.913335,-21.958705],[-47.913336,-21.958697],[-47.913335,-21.958689],[-47.913334,-21.958681],[-47.913293,-21.958584],[-47.91329,-21.958569],[-47.913289,-21.958553],[-47.913291,-21.958537],[-47.913296,-21.958522],[-47.913303,-21.958507],[-47.913313,-21.958494],[-47.913316,-21.958478],[-47.913316,-21.958461],[-47.913313,-21.958444],[-47.913307,-21.958428],[-47.913298,-21.958413],[-47.913287,-21.9584],[-47.912321,-21.957554]]]}},{"type":"Feature","properties":{"class":"pond"},"geometry":{"type":"Polygon","coordinates":[[[-47.913191,-21.957566],[-47.91319,-21.957553],[-47.913187,-21.957541],[-47.913182,-21.95753],[-47.913175,-21.95752],[-47.913166,-21.957511],[-47.913155,-21.957503],[-47.913144,-21.957497],[-47.913131,-21.957493],[-47.912406,-21.957456],[-47.912377,-21.957468],[-47.912379,-21.957488],[-47.912984,-21.957922],[-47.913013,-21.957927],[-47.913043,-21.957923],[-47.913082,-21.957899],[-47.913179,-21.957665],[-47.91319,-21.957578],[-47.913191,-21.957566]]]}},{"type":"Feature","properties":{"class":"pond"},"geometry":{"type":"Polygon","coordinates":[[[-47.912172,-21.957937],[-47.912162,-21.957936],[-47.912152,-21.957936],[-47.912142,-21.957937],[-47.912133,-21.95794],[-47.912082,-21.957991],[-47.912081,-21.957995],[-47.91208,-21.957999],[-47.91208,-21.958004],[-47.91208,-21.958008],[-47.912082,-21.958013],[-47.912084,-21.958017],[-47.912165,-21.958114],[-47.91217,-21.958116],[-47.912176,-21.958117],[-47.912182,-21.958117],[-47.912188,-21.958116],[-47.912194,-21.958115],[-47.912258,-21.958067],[-47.912261,-21.958064],[-47.912264,-21.958061],[-47.912266,-21.958057],[-47.912267,-21.958053],[-47.912268,-21.958049],[-47.912268,-21.958045],[-47.912267,-21.958041],[-47.912172,-21.957937]]]}},{"type":"Feature","properties":{"class":"pond"},"geometry":{"type":"Polygon","coordinates":[[[-47.912443,-21.95825],[-47.912445,-21.958244],[-47.912445,-21.958237],[-47.912444,-21.95823],[-47.912442,-21.958223],[-47.912328,-21.958098],[-47.912317,-21.958096],[-47.912306,-21.958095],[-47.912295,-21.958096],[-47.912285,-21.958099],[-47.912226,-21.958149],[-47.912223,-21.958155],[-47.912221,-21.958161],[-47.912219,-21.958167],[-47.912219,-21.958174],[-47.91222,-21.95818],[-47.912223,-21.958187],[-47.912226,-21.958192],[-47.912349,-21.95831],[-47.912352,-21.958312],[-47.912357,-21.958314],[-47.912361,-21.958315],[-47.912366,-21.958316],[-47.912371,-21.958316],[-47.912375,-21.958315],[-47.91238,-21.958314],[-47.912384,-21.958312],[-47.91244,-21.958257],[-47.912443,-21.95825]]]}},{"type":"Feature","properties":{"class":"pond"},"geometry":{"type":"Polygon","coordinates":[[[-47.916407,-21.951083],[-47.916403,-21.951073],[-47.916396,-21.951064],[-47.916388,-21.951056],[-47.916379,-21.95105],[-47.916369,-21.951044],[-47.916358,-21.951041],[-47.916346,-21.951039],[-47.916335,-21.95104],[-47.915888,-21.951052],[-47.915876,-21.951053],[-47.915864,-21.951056],[-47.915853,-21.95106],[-47.915843,-21.951067],[-47.915834,-21.951074],[-47.915827,-21.951083],[-47.915821,-21.951093],[-47.915816,-21.951103],[-47.915814,-21.951114],[-47.915823,-21.951313],[-47.915825,-21.951322],[-47.915828,-21.95133],[-47.915833,-21.951338],[-47.915839,-21.951345],[-47.915847,-21.951351],[-47.915855,-21.951356],[-47.915864,-21.95136],[-47.915874,-21.951362],[-47.915883,-21.951363],[-47.916346,-21.951346],[-47.916358,-21.951344],[-47.916369,-21.951341],[-47.916379,-21.951336],[-47.916388,-21.951329],[-47.916396,-21.951321],[-47.916402,-21.951312],[-47.916407,-21.951302],[-47.916409,-21.951291],[-47.91641,-21.951281],[-47.91641,-21.951093],[-47.916407,-21.951083]]]}},{"type":"Feature","properties":{"class":"stream","name":"Córrego do Galdino"},"geometry":{"type":"LineString","coordinates":[[-47.91851,-21.942275],[-47.918616,-21.942163]]}},{"type":"Feature","properties":{"class":"stream","name":"Córrego do Galdino"},"geometry":{"type":"LineString","coordinates":[[-47.912981,-21.957661],[-47.912963,-21.956909],[-47.9129,-21.956155],[-47.912728,-21.955233],[-47.911214,-21.953082],[-47.910817,-21.952136],[-47.910692,-21.951344],[-47.910646,-21.95065],[-47.910629,-21.950397],[-47.911254,-21.949701],[-47.912775,-21.948909],[-47.913963,-21.948368],[-47.914609,-21.947885],[-47.91565,-21.947092],[-47.916109,-21.946165],[-47.916588,-21.945334],[-47.917192,-21.944194],[-47.917609,-21.943459],[-47.918171,-21.942667],[-47.91851,-21.942275]]}},{"type":"Feature","properties":{"class":"stream"},"geometry":{"type":"LineString","coordinates":[[-47.906879,-21.940947],[-47.907213,-21.940599],[-47.907588,-21.940309],[-47.907796,-21.939981],[-47.908025,-21.93942],[-47.908254,-21.939111],[-47.908817,-21.938976],[-47.909754,-21.93886],[-47.910963,-21.938725],[-47.912129,-21.938628],[-47.912775,-21.938609],[-47.913379,-21.938396],[-47.913921,-21.938261],[-47.914713,-21.93828],[-47.915505,-21.938319],[-47.916317,-21.938106],[-47.916859,-21.938029],[-47.917567,-21.937758],[-47.917963,-21.937372],[-47.918317,-21.937082],[-47.918838,-21.936889],[-47.91901,-21.936868]]}},{"type":"Feature","properties":{"class":"stream","name":"Rio Chibairo"},"geometry":{"type":"LineString","coordinates":[[-47.950129,-21.943085],[-47.949482,-21.941974],[-47.949457,-21.941931],[-47.949349,-21.941746],[-47.949271,-21.941612],[-47.948613,-21.940661],[-47.948155,-21.94],[-47.947082,-21.937681],[-47.946417,-21.936935],[-47.945751,-21.936414],[-47.943993,-21.934954],[-47.94336,-21.934427],[-47.941761,-21.932551],[-47.941033,-21.930951],[-47.940559,-21.929909],[-47.939739,-21.927734],[-47.940592,-21.925714],[-47.941085,-21.923678],[-47.941396,-21.922006],[-47.942091,-21.920934]]}},{"type":"Feature","properties":{"class":"stream","name":"Córrego da Ema"},"geometry":{"type":"LineString","coordinates":[[-47.956862,-21.948012],[-47.956373,-21.947595],[-47.954303,-21.94639],[-47.952768,-21.945485],[-47.951792,-21.944151],[-47.951009,-21.942947],[-47.949482,-21.941974]]}},{"type":"Feature","properties":{"class":"stream","name":"Córrego da Ema"},"geometry":{"type":"LineString","coordinates":[[-47.956951,-21.948087],[-47.956862,-21.948012]]}},{"type":"Feature","properties":{"class":"stream","name":"Córrego Boa Vista"},"geometry":{"type":"LineString","coordinates":[[-47.975682,-21.946761],[-47.976069,-21.946551],[-47.977052,-21.946085],[-47.977732,-21.945501],[-47.978071,-21.944949],[-47.978192,-21.944752],[-47.978525,-21.94338],[-47.978475,-21.941995],[-47.977866,-21.940898],[-47.977293,-21.940064],[-47.977251,-21.93948],[-47.978008,-21.938482],[-47.979054,-21.937663],[-47.979649,-21.9374],[-47.980909,-21.937216],[-47.982657,-21.936822],[-47.983585,-21.9365],[-47.983928,-21.936429],[-47.984321,-21.93616],[-47.984838,-21.935699],[-47.985312,-21.935141],[-47.986062,-21.933861],[-47.986635,-21.932607],[-47.987117,-21.931753],[-47.987216,-21.931628]]}},{"type":"Feature","properties":{"class":"stream"},"geometry":{"type":"LineString","coordinates":[[-47.97957,-21.948076],[-47.979379,-21.947446],[-47.978678,-21.946408],[-47.978381,-21.946178],[-47.978161,-21.945916],[-47.978055,-21.945423],[-47.978071,-21.944949]]}},{"type":"Feature","properties":{"class":"water"},"geometry":{"type":"Polygon","coordinates":[[[-47.975235,-21.947579],[-47.975572,-21.947362],[-47.975824,-21.947189],[-47.97555,-21.946771],[-47.975371,-21.946649],[-47.975169,-21.94671],[-47.974836,-21.94691],[-47.974566,-21.947196],[-47.974397,-21.947379],[-47.974361,-21.947603],[-47.974306,-21.947803],[-47.974295,-21.947918],[-47.974405,-21.948122],[-47.974544,-21.947925],[-47.974745,-21.947857],[-47.974844,-21.947749],[-47.975235,-21.947579]]]}},{"type":"Feature","properties":{"class":"stream","name":"Córrego Boa Vista"},"geometry":{"type":"LineString","coordinates":[[-47.973457,-21.949637],[-47.973988,-21.948613],[-47.97449,-21.947812],[-47.975417,-21.946906],[-47.975582,-21.946816]]}},{"type":"Feature","properties":{"class":"stream","name":"Córrego Boa Vista"},"geometry":{"type":"LineString","coordinates":[[-47.975582,-21.946816],[-47.975682,-21.946761]]}},{"type":"Feature","properties":{"class":"stream"},"geometry":{"type":"LineString","coordinates":[[-47.976655,-21.959434],[-47.976134,-21.95926],[-47.975739,-21.959009],[-47.975218,-21.958874],[-47.974426,-21.958874],[-47.973655,-21.958719],[-47.973343,-21.95841],[-47.972968,-21.957946],[-47.972405,-21.957715],[-47.972009,-21.957502],[-47.971759,-21.957019],[-47.971607,-21.95665]]}},{"type":"Feature","properties":{"class":"pond"},"geometry":{"type":"Polygon","coordinates":[[[-47.974299,-21.968375],[-47.974256,-21.968504],[-47.974677,-21.968738],[-47.974704,-21.96875],[-47.974732,-21.968758],[-47.974762,-21.968762],[-47.974791,-21.968761],[-47.974821,-21.968757],[-47.974849,-21.968748],[-47.974876,-21.968736],[-47.975161,-21.968479],[-47.975383,-21.968212],[-47.975557,-21.967915],[-47.975595,-21.967815],[-47.975615,-21.96771],[-47.975616,-21.967604],[-47.975543,-21.967198],[-47.975533,-21.96717],[-47.975517,-21.967144],[-47.975498,-21.96712],[-47.975475,-21.967099],[-47.97545,-21.967082],[-47.975299,-21.967024],[-47.975102,-21.967471],[-47.97499,-21.967726],[-47.974859,-21.968022],[-47.974677,-21.967992],[-47.974401,-21.968405],[-47.974299,-21.968375]]]}},{"type":"Feature","properties":{"class":"pond"},"geometry":{"type":"Polygon","coordinates":[[[-47.974875,-21.967763],[-47.974875,-21.967753],[-47.974873,-21.967744],[-47.974869,-21.967735],[-47.974865,-21.967727],[-47.974859,-21.96772],[-47.974782,-21.967684],[-47.974772,-21.967683],[-47.974762,-21.967683],[-47.974752,-21.967685],[-47.974743,-21.967688],[-47.974734,-21.967692],[-47.974726,-21.967698],[-47.97467,-21.967853],[-47.974671,-21.967861],[-47.974674,-21.967869],[-47.974679,-21.967876],[-47.974685,-21.967882],[-47.974691,-21.967888],[-47.974699,-21.967892],[-47.974809,-21.967925],[-47.974817,-21.967924],[-47.974825,-21.967923],[-47.974832,-21.967921],[-47.974839,-21.967917],[-47.974845,-21.967913],[-47.97485,-21.967907],[-47.974855,-21.967901],[-47.974858,-21.967895],[-47.974874,-21.967772],[-47.974875,-21.967763]]]}},{"type":"Feature","properties":{"class":"pond"},"geometry":{"type":"Polygon","coordinates":[[[-47.974527,-21.969262],[-47.974439,-21.969373],[-47.974521,-21.969428],[-47.974609,-21.969317],[-47.974527,-21.969262]]]}},{"type":"Feature","properties":{"class":"pond"},"geometry":{"type":"Polygon","coordinates":[[[-47.97465,-21.969122],[-47.97454,-21.969239],[-47.974612,-21.969298],[-47.974722,-21.969181],[-47.97465,-21.969122]]]}},{"type":"Feature","properties":{"class":"pond"},"geometry":{"type":"Polygon","coordinates":[[[-47.974868,-21.968969],[-47.974854,-21.968953],[-47.974838,-21.968948],[-47.974817,-21.968955],[-47.974704,-21.969078],[-47.974698,-21.9691],[-47.974705,-21.969121],[-47.974722,-21.969137],[-47.974745,-21.969143],[-47.974769,-21.969138],[-47.974869,-21.968989],[-47.974868,-21.968969]]]}},{"type":"Feature","properties":{"class":"pond"},"geometry":{"type":"Polygon","coordinates":[[[-47.974346,-21.969503],[-47.974229,-21.969587],[-47.97428,-21.969648],[-47.974397,-21.969564],[-47.974346,-21.969503]]]}},{"type":"Feature","properties":{"class":"pond"},"geometry":{"type":"Polygon","coordinates":[[[-47.973379,-21.969325],[-47.973373,-21.969336],[-47.973369,-21.969347],[-47.973367,-21.969359],[-47.973368,-21.969372],[-47.97337,-21.969383],[-47.973375,-21.969395],[-47.973381,-21.969405],[-47.97339,-21.969415],[-47.973611,-21.969556],[-47.973886,-21.969731],[-47.9739,-21.969737],[-47.973915,-21.96974],[-47.97393,-21.969742],[-47.973945,-21.969741],[-47.97396,-21.969738],[-47.973974,-21.969733],[-47.974103,-21.969634],[-47.974147,-21.969582],[-47.974181,-21.969525],[-47.974206,-21.969463],[-47.974247,-21.96939],[-47.974297,-21.969321],[-47.974357,-21.969259],[-47.974399,-21.969237],[-47.974438,-21.96921],[-47.974504,-21.96913],[-47.97458,-21.969059],[-47.974665,-21.968997],[-47.974701,-21.968962],[-47.974708,-21.968941],[-47.974712,-21.968919],[-47.974712,-21.968897],[-47.974708,-21.968876],[-47.974701,-21.968855],[-47.97469,-21.968835],[-47.974336,-21.968611],[-47.974315,-21.9686],[-47.974291,-21.968593],[-47.974267,-21.968589],[-47.974242,-21.968589],[-47.974218,-21.968593],[-47.974194,-21.9686],[-47.974173,-21.968611],[-47.973387,-21.969315],[-47.973379,-21.969325]]]}},{"type":"Feature","properties":{"class":"stream"},"geometry":{"type":"LineString","coordinates":[[-47.970206,-21.96316],[-47.968924,-21.962783],[-47.967938,-21.962429],[-47.967038,-21.961537],[-47.96604,-21.960303],[-47.965424,-21.959737],[-47.965344,-21.959343],[-47.965837,-21.95864],[-47.965917,-21.957468],[-47.965905,-21.956079],[-47.965855,-21.955694],[-47.965813,-21.955413],[-47.965066,-21.954902],[-47.96451,-21.954763],[-47.963978,-21.954131],[-47.963637,-21.953745],[-47.963459,-21.953308]]}},{"type":"Feature","properties":{"class":"stream","name":"Córrego da Ema"},"geometry":{"type":"LineString","coordinates":[[-47.97782,-21.956282],[-47.976704,-21.957018],[-47.975449,-21.957307],[-47.971951,-21.956839],[-47.971607,-21.95665],[-47.969441,-21.955466],[-47.968844,-21.955181],[-47.96752,-21.95455],[-47.96678,-21.954252],[-47.966254,-21.954302],[-47.965471,-21.954202],[-47.96369,-21.953476],[-47.963459,-21.953308],[-47.961823,-21.952122],[-47.961394,-21.951645],[-47.961137,-21.951366],[-47.960675,-21.951336],[-47.959978,-21.951446],[-47.959635,-21.951386],[-47.95897,-21.95063],[-47.957843,-21.949246],[-47.957178,-21.948281],[-47.956951,-21.948087]]}},{"type":"Feature","properties":{"class":"stream"},"geometry":{"type":"LineString","coordinates":[[-47.969093,-21.950913],[-47.968822,-21.951203],[-47.968384,-21.951512],[-47.967968,-21.951879],[-47.967405,-21.952111],[-47.967072,-21.952517],[-47.967134,-21.95298],[-47.966988,-21.953521],[-47.966884,-21.953889],[-47.96678,-21.954252]]}},{"type":"Feature","properties":{"class":"water"},"geometry":{"type":"Polygon","coordinates":[[[-47.937882,-21.963569],[-47.937913,-21.96353],[-47.937929,-21.963484],[-47.937926,-21.963436],[-47.937919,-21.963413],[-47.937569,-21.962806],[-47.937542,-21.96278],[-47.937511,-21.962759],[-47.937477,-21.962742],[-47.93744,-21.962732],[-47.937385,-21.962728],[-47.937341,-21.962745],[-47.937319,-21.962767],[-47.937307,-21.962795],[-47.937305,-21.962825],[-47.937324,-21.962869],[-47.937328,-21.962895],[-47.937295,-21.962969],[-47.937184,-21.963108],[-47.937085,-21.963207],[-47.937006,-21.963363],[-47.936967,-21.963412],[-47.936942,-21.963431],[-47.936883,-21.963457],[-47.936851,-21.963492],[-47.936813,-21.963522],[-47.936772,-21.963547],[-47.936727,-21.963566],[-47.936679,-21.963579],[-47.936407,-21.963724],[-47.936342,-21.963744],[-47.936325,-21.963764],[-47.93628,-21.963794],[-47.936254,-21.963804],[-47.936199,-21.963811],[-47.936073,-21.963872],[-47.935933,-21.963931],[-47.935698,-21.964],[-47.935675,-21.964017],[-47.935655,-21.964054],[-47.935655,-21.964134],[-47.935686,-21.964173],[-47.935728,-21.964202],[-47.935752,-21.964212],[-47.935804,-21.964222],[-47.936132,-21.964218],[-47.936502,-21.964185],[-47.936708,-21.964152],[-47.936906,-21.964091],[-47.937091,-21.964001],[-47.937861,-21.963584],[-47.937882,-21.963569]]]}},{"type":"Feature","properties":{"class":"water"},"geometry":{"type":"Polygon","coordinates":[[[-47.939195,-21.962115],[-47.939201,-21.96209],[-47.939203,-21.962066],[-47.9392,-21.962041],[-47.939192,-21.962017],[-47.939181,-21.961995],[-47.938904,-21.961788],[-47.938882,-21.961786],[-47.93886,-21.961787],[-47.938839,-21.961792],[-47.938818,-21.961799],[-47.9388,-21.96181],[-47.938764,-21.961838],[-47.938732,-21.961869],[-47.938706,-21.961905],[-47.938687,-21.961944],[-47.938673,-21.961985],[-47.938667,-21.962028],[-47.938652,-21.962101],[-47.938625,-21.962171],[-47.938588,-21.962237],[-47.938388,-21.962517],[-47.938218,-21.962753],[-47.938136,-21.962832],[-47.938089,-21.962847],[-47.938076,-21.962866],[-47.938076,-21.962885],[-47.938086,-21.962899],[-47.938133,-21.962911],[-47.938186,-21.96291],[-47.938205,-21.962898],[-47.938225,-21.96289],[-47.938248,-21.962885],[-47.93827,-21.962883],[-47.938293,-21.962885],[-47.938338,-21.962884],[-47.938383,-21.962878],[-47.938427,-21.962865],[-47.938487,-21.962838],[-47.938541,-21.962802],[-47.938588,-21.962758],[-47.939143,-21.962187],[-47.939185,-21.962138],[-47.939195,-21.962115]]]}},{"type":"Feature","properties":{"class":"stream","name":"Córrego da Fazenda"},"geometry":{"type":"LineString","coordinates":[[-47.932139,-21.966144],[-47.932354,-21.965662],[-47.932634,-21.965086],[-47.932834,-21.964566],[-47.933184,-21.964232],[-47.933455,-21.964074],[-47.934135,-21.964],[-47.93531,-21.963926],[-47.935408,-21.96391],[-47.935462,-21.963903],[-47.935577,-21.963822],[-47.935684,-21.963832],[-47.935738,-21.963878],[-47.935801,-21.964024],[-47.935834,-21.964078],[-47.935921,-21.964109],[-47.936625,-21.963965],[-47.937258,-21.963465],[-47.937563,-21.963351],[-47.937829,-21.963437],[-47.938037,-21.963458],[-47.93813,-21.9634],[-47.938122,-21.963256],[-47.9381,-21.963152],[-47.93811,-21.963017],[-47.938185,-21.96285],[-47.938385,-21.962685],[-47.938571,-21.96252],[-47.938771,-21.962283],[-47.938839,-21.96215],[-47.938924,-21.961978],[-47.938959,-21.961908],[-47.939117,-21.961739],[-47.93926,-21.961578],[-47.939524,-21.961235],[-47.939684,-21.961016],[-47.939942,-21.960848],[-47.940139,-21.960696],[-47.940458,-21.960464],[-47.940609,-21.960295],[-47.940871,-21.960193],[-47.941156,-21.960095],[-47.941391,-21.960038],[-47.941592,-21.96001],[-47.941816,-21.960053],[-47.942032,-21.960091],[-47.942187,-21.960109],[-47.942366,-21.959979],[-47.942426,-21.95988],[-47.942635,-21.959813],[-47.942904,-21.959743],[-47.943139,-21.959648],[-47.943363,-21.959539],[-47.943595,-21.959476],[-47.94378,-21.959497],[-47.943981,-21.959374],[-47.944239,-21.959279],[-47.944592,-21.959191],[-47.944854,-21.959187],[-47.945323,-21.959187],[-47.94601,-21.958936],[-47.94634,-21.958587],[-47.946492,-21.958189],[-47.946618,-21.95765],[-47.947058,-21.957051],[-47.94754,-21.956699],[-47.94777,-21.956252],[-47.948138,-21.955677],[-47.948275,-21.95491],[-47.948229,-21.954196],[-47.948333,-21.953482]]}},{"type":"Feature","properties":{"class":"stream","name":"Córrego da Fazenda"},"geometry":{"type":"LineString","coordinates":[[-47.948333,-21.953482],[-47.948245,-21.952631],[-47.94787,-21.952051],[-47.947682,-21.951605],[-47.94764,-21.951334],[-47.947675,-21.951125]]}},{"type":"Feature","properties":{"class":"stream","name":"Córrego da Fazenda"},"geometry":{"type":"LineString","coordinates":[[-47.947675,-21.951125],[-47.947694,-21.95101]]}},{"type":"Feature","properties":{"class":"stream"},"geometry":{"type":"LineString","coordinates":[[-47.945235,-21.944851],[-47.945526,-21.944426],[-47.946214,-21.943633],[-47.946901,-21.943169],[-47.947589,-21.942223],[-47.947943,-21.941488],[-47.94836,-21.941102],[-47.948613,-21.940661]]}},{"type":"Feature","properties":{"class":"stream","name":"Córrego da Fazenda"},"geometry":{"type":"LineString","coordinates":[[-47.947694,-21.95101],[-47.947786,-21.950463],[-47.948266,-21.949902],[-47.948579,-21.949631],[-47.94885,-21.949128],[-47.949205,-21.948373],[-47.949372,-21.947889],[-47.949518,-21.947289],[-47.949623,-21.946398],[-47.949497,-21.945817],[-47.949539,-21.944946],[-47.949414,-21.943959],[-47.949372,-21.942681],[-47.949457,-21.941931],[-47.949349,-21.941746]]}},{"type":"Feature","properties":{"class":"stream"},"geometry":{"type":"LineString","coordinates":[[-47.939353,-21.942184],[-47.939505,-21.941913],[-47.939734,-21.941527],[-47.940026,-21.941218],[-47.940422,-21.940773],[-47.940484,-21.940406],[-47.940693,-21.939942],[-47.940943,-21.939575],[-47.941234,-21.93915],[-47.941422,-21.938551],[-47.941797,-21.938126],[-47.942109,-21.93772],[-47.942651,-21.937024],[-47.943005,-21.936386],[-47.943485,-21.935652],[-47.943993,-21.934954]]}},{"type":"Feature","properties":{"class":"stream"},"geometry":{"type":"LineString","coordinates":[[-47.93588,-21.940696],[-47.936276,-21.940078],[-47.936797,-21.939305],[-47.937234,-21.938435],[-47.937505,-21.937662],[-47.937943,-21.936754],[-47.938339,-21.935981],[-47.938651,-21.935208],[-47.938874,-21.934979]]}},{"type":"Feature","properties":{"class":"stream"},"geometry":{"type":"LineString","coordinates":[[-47.938672,-21.943073],[-47.938964,-21.942609],[-47.939255,-21.942358],[-47.939303,-21.942272]]}},{"type":"Feature","properties":{"class":"stream"},"geometry":{"type":"LineString","coordinates":[[-47.939303,-21.942272],[-47.939353,-21.942184]]}},{"type":"Feature","properties":{"class":"stream","name":"Córrego do Galdino"},"geometry":{"type":"LineString","coordinates":[[-47.918616,-21.942163],[-47.919109,-21.941604],[-47.91963,-21.940696],[-47.920046,-21.939807],[-47.921108,-21.938305],[-47.921276,-21.938068],[-47.921109,-21.937024],[-47.920914,-21.936163],[-47.920838,-21.935826],[-47.92082,-21.935492]]}},{"type":"Feature","properties":{"class":"stream"},"geometry":{"type":"LineString","coordinates":[[-47.926922,-21.959865],[-47.927067,-21.959227],[-47.927067,-21.958551],[-47.926901,-21.957604],[-47.92663,-21.956677],[-47.926588,-21.955769],[-47.926588,-21.955054],[-47.926547,-21.95401],[-47.926088,-21.952851],[-47.92563,-21.95144],[-47.925442,-21.950532],[-47.925255,-21.949643],[-47.924859,-21.948851],[-47.924505,-21.948155],[-47.924213,-21.947479],[-47.923984,-21.946764],[-47.923713,-21.946068],[-47.923255,-21.94431],[-47.923192,-21.94344],[-47.922984,-21.942628],[-47.922505,-21.941739],[-47.922026,-21.941005],[-47.922005,-21.940467],[-47.921945,-21.94004],[-47.92189,-21.939623]]}},{"type":"Feature","properties":{"class":"reservoir"},"geometry":{"type":"Polygon","coordinates":[[[-47.921129,-21.946916],[-47.921125,-21.946903],[-47.921119,-21.94689],[-47.921111,-21.946878],[-47.9211,-21.946867],[-47.921088,-21.946859],[-47.921074,-21.946852],[-47.92106,-21.946848],[-47.920272,-21.946753],[-47.920257,-21.946752],[-47.920242,-21.946754],[-47.920227,-21.946758],[-47.920213,-21.946764],[-47.9202,-21.946772],[-47.920188,-21.946781],[-47.920179,-21.946793],[-47.920171,-21.946805],[-47.920166,-21.946819],[-47.920128,-21.947089],[-47.920128,-21.9471],[-47.920129,-21.947112],[-47.920132,-21.947123],[-47.920138,-21.947133],[-47.920145,-21.947143],[-47.920154,-21.947151],[-47.920164,-21.947158],[-47.920175,-21.947163],[-47.920187,-21.947166],[-47.92098,-21.947261],[-47.921,-21.94726],[-47.921019,-21.947256],[-47.921037,-21.947249],[-47.921053,-21.94724],[-47.921068,-21.947227],[-47.92108,-21.947213],[-47.921089,-21.947197],[-47.921096,-21.94718],[-47.92113,-21.94693],[-47.921129,-21.946916]]]}},{"type":"Feature","properties":{"class":"reservoir"},"geometry":{"type":"Polygon","coordinates":[[[-47.920343,-21.947586],[-47.920342,-21.947574],[-47.920339,-21.947563],[-47.920333,-21.947552],[-47.920326,-21.947543],[-47.920318,-21.947534],[-47.920307,-21.947527],[-47.920296,-21.947522],[-47.920171,-21.947497],[-47.920141,-21.947496],[-47.920111,-21.9475],[-47.920082,-21.947508],[-47.920056,-21.94752],[-47.920031,-21.947536],[-47.92001,-21.947556],[-47.919992,-21.947578],[-47.919978,-21.947603],[-47.919861,-21.948038],[-47.919859,-21.948052],[-47.919858,-21.948067],[-47.919861,-21.948081],[-47.919865,-21.948095],[-47.919872,-21.948108],[-47.919881,-21.94812],[-47.919892,-21.94813],[-47.919905,-21.948139],[-47.920125,-21.948184],[-47.920137,-21.948186],[-47.92015,-21.948187],[-47.920163,-21.948186],[-47.920175,-21.948182],[-47.920187,-21.948177],[-47.920198,-21.948171],[-47.920207,-21.948162],[-47.920215,-21.948153],[-47.920221,-21.948142],[-47.920225,-21.948131],[-47.920342,-21.947598],[-47.920343,-21.947586]]]}},{"type":"Feature","properties":{"class":"water"},"geometry":{"type":"Polygon","coordinates":[[[-47.935509,-21.963901],[-47.935507,-21.963816],[-47.935055,-21.96376],[-47.93506,-21.963649],[-47.934758,-21.963673],[-47.934609,-21.963717],[-47.934454,-21.963739],[-47.934201,-21.963735],[-47.934105,-21.963747],[-47.934012,-21.963772],[-47.933652,-21.963931],[-47.933627,-21.963974],[-47.933594,-21.96412],[-47.933647,-21.964148],[-47.93429,-21.964231],[-47.934532,-21.964225],[-47.934565,-21.964181],[-47.934619,-21.964156],[-47.934648,-21.96415],[-47.934709,-21.964151],[-47.934766,-21.964169],[-47.934844,-21.964227],[-47.934938,-21.96426],[-47.935166,-21.964292],[-47.93531,-21.964331],[-47.935371,-21.964304],[-47.935439,-21.964294],[-47.935506,-21.964303],[-47.93553,-21.964248],[-47.935535,-21.964218],[-47.935527,-21.963902],[-47.935509,-21.963901]]]}},{"type":"Feature","properties":{"class":"water"},"geometry":{"type":"Polygon","coordinates":[[[-47.920746,-21.969434],[-47.920955,-21.969475],[-47.921201,-21.969413],[-47.921351,-21.969254],[-47.92153,-21.969066],[-47.9215,-21.968866],[-47.921448,-21.968665],[-47.921201,-21.968512],[-47.921097,-21.968464],[-47.920947,-21.96838],[-47.920768,-21.968374],[-47.920444,-21.968406],[-47.920424,-21.968408],[-47.920051,-21.968519],[-47.919722,-21.96863],[-47.919744,-21.968706],[-47.920551,-21.969323],[-47.920746,-21.969434]]]}},{"type":"Feature","properties":{"class":"water"},"geometry":{"type":"Polygon","coordinates":[[[-47.919471,-21.970383],[-47.919559,-21.970383],[-47.919712,-21.970316],[-47.919849,-21.970213],[-47.919922,-21.97011],[-47.919899,-21.969943],[-47.919849,-21.969833],[-47.919788,-21.969766],[-47.919566,-21.969652],[-47.919578,-21.969535],[-47.919532,-21.969507],[-47.919153,-21.96945],[-47.919103,-21.969507],[-47.919103,-21.969596],[-47.919211,-21.970167],[-47.919302,-21.970259],[-47.919471,-21.970383]]]}},{"type":"Feature","properties":{"class":"stream"},"geometry":{"type":"LineString","coordinates":[[-47.926511,-21.972777],[-47.926013,-21.974695],[-47.925482,-21.975648],[-47.925417,-21.975766],[-47.923327,-21.977375],[-47.920459,-21.978292],[-47.920349,-21.978302],[-47.917002,-21.978614],[-47.916303,-21.978498],[-47.914523,-21.978204]]}},{"type":"Feature","properties":{"class":"stream"},"geometry":{"type":"LineString","coordinates":[[-47.921532,-21.979437],[-47.921362,-21.979236],[-47.92107,-21.978908],[-47.920349,-21.978302]]}},{"type":"Feature","properties":{"class":"stream"},"geometry":{"type":"LineString","coordinates":[[-47.92867,-21.976207],[-47.92754,-21.976287],[-47.926587,-21.975731],[-47.925482,-21.975648]]}},{"type":"Feature","properties":{"class":"stream"},"geometry":{"type":"LineString","coordinates":[[-47.924255,-21.983786],[-47.924119,-21.983583],[-47.924013,-21.983415],[-47.923772,-21.983128],[-47.923455,-21.982869],[-47.923236,-21.982638],[-47.923002,-21.982351],[-47.922874,-21.982092],[-47.922662,-21.9817],[-47.922632,-21.981575],[-47.922444,-21.9814],[-47.922315,-21.981218],[-47.922194,-21.980812],[-47.921945,-21.980224]]}},{"type":"Feature","properties":{"class":"water"},"geometry":{"type":"Polygon","coordinates":[[[-47.922946,-21.982452],[-47.922954,-21.982519],[-47.922992,-21.982582],[-47.923049,-21.982617],[-47.923136,-21.982624],[-47.923241,-21.98255],[-47.923276,-21.982466],[-47.92326,-21.98241],[-47.923234,-21.982315],[-47.922946,-21.982452]]]}},{"type":"Feature","properties":{"class":"water"},"geometry":{"type":"Polygon","coordinates":[[[-47.92303,-21.982031],[-47.92292,-21.981701],[-47.922553,-21.981775],[-47.922436,-21.981789],[-47.922303,-21.981863],[-47.922345,-21.981978],[-47.922492,-21.982119],[-47.922598,-21.982234],[-47.922689,-21.982319],[-47.922761,-21.982392],[-47.92284,-21.98241],[-47.922935,-21.982396],[-47.923079,-21.982322],[-47.923128,-21.982255],[-47.92303,-21.982031]]]}},{"type":"Feature","properties":{"class":"stream"},"geometry":{"type":"LineString","coordinates":[[-47.921945,-21.980224],[-47.921532,-21.979437]]}},{"type":"Feature","properties":{"class":"pond"},"geometry":{"type":"Polygon","coordinates":[[[-47.9207,-22.001847],[-47.920632,-22.001911],[-47.920688,-22.001958],[-47.920755,-22.001894],[-47.9207,-22.001847]]]}},{"type":"Feature","properties":{"class":"stream","name":"Córrego do Mineirinho"},"geometry":{"type":"LineString","coordinates":[[-47.928549,-21.999789],[-47.928509,-21.999914],[-47.928334,-22.000066],[-47.928215,-22.000313],[-47.927939,-22.000758],[-47.927875,-22.001133],[-47.927696,-22.001665],[-47.927614,-22.001772],[-47.927529,-22.001883],[-47.927309,-22.002221],[-47.927338,-22.002356],[-47.927258,-22.002483],[-47.927008,-22.002708],[-47.92671,-22.003035],[-47.926632,-22.003187],[-47.926546,-22.003353],[-47.926722,-22.003711],[-47.926564,-22.004005],[-47.926457,-22.004261],[-47.926396,-22.004447],[-47.92634,-22.0046],[-47.926199,-22.004722],[-47.926081,-22.004756],[-47.925979,-22.004828],[-47.925736,-22.005144],[-47.925712,-22.005209],[-47.925726,-22.005282],[-47.925805,-22.005478],[-47.925761,-22.005586],[-47.925687,-22.005664],[-47.925602,-22.005776],[-47.925543,-22.005848],[-47.925509,-22.005895],[-47.925487,-22.005958],[-47.925492,-22.006017],[-47.925502,-22.006063],[-47.925471,-22.006075],[-47.925396,-22.006078],[-47.925264,-22.006067],[-47.925171,-22.0061],[-47.925124,-22.00614],[-47.925057,-22.006235],[-47.925021,-22.006318],[-47.925,-22.006526],[-47.925002,-22.006651],[-47.925,-22.006793],[-47.924975,-22.006983],[-47.924916,-22.007178],[-47.924814,-22.007395],[-47.924654,-22.007559],[-47.923622,-22.008494],[-47.923141,-22.008786],[-47.921688,-22.009738],[-47.921262,-22.010108],[-47.920794,-22.010842],[-47.920444,-22.011548],[-47.920387,-22.011606],[-47.920324,-22.011626],[-47.920287,-22.011619],[-47.920229,-22.011618],[-47.920189,-22.01165],[-47.920181,-22.01169],[-47.920185,-22.011751],[-47.920163,-22.011798],[-47.920109,-22.011837],[-47.920024,-22.011871],[-47.919959,-22.01186],[-47.919902,-22.011856],[-47.919855,-22.011881],[-47.919812,-22.011932],[-47.919788,-22.011973],[-47.919733,-22.012023],[-47.919631,-22.012072],[-47.919543,-22.012081],[-47.919402,-22.012055],[-47.91918,-22.012041],[-47.919023,-22.012109],[-47.918933,-22.0122],[-47.918857,-22.01231],[-47.918727,-22.012453],[-47.918552,-22.01254],[-47.918479,-22.012606],[-47.918428,-22.012685],[-47.918341,-22.01274],[-47.918188,-22.012816],[-47.917995,-22.012883],[-47.917914,-22.012914],[-47.91786,-22.012979],[-47.917859,-22.013069],[-47.917851,-22.013117],[-47.917816,-22.013168],[-47.917492,-22.013362],[-47.917462,-22.013426],[-47.917434,-22.013516],[-47.917372,-22.013571],[-47.917279,-22.013647],[-47.916832,-22.014017],[-47.916803,-22.014021],[-47.916757,-22.014056],[-47.916701,-22.014156],[-47.916309,-22.014453],[-47.916194,-22.014519],[-47.915857,-22.014697]]}},{"type":"Feature","properties":{"class":"stream","name":"Córrego Santa Fé"},"geometry":{"type":"LineString","coordinates":[[-47.923155,-21.995971],[-47.923303,-21.995912],[-47.923515,-21.995961],[-47.923598,-21.997032],[-47.923583,-21.997228],[-47.923666,-21.997361],[-47.923779,-21.997396],[-47.923983,-21.997452],[-47.924141,-21.997522],[-47.924337,-21.99762],[-47.924496,-21.997725],[-47.925017,-21.997711],[-47.925077,-21.997774],[-47.925235,-21.99783],[-47.925469,-21.99797],[-47.925729,-21.998218],[-47.926066,-21.998452],[-47.926707,-21.999005],[-47.926949,-21.99904],[-47.92802,-22.000027],[-47.928215,-22.000313]]}},{"type":"Feature","properties":{"class":"stream","name":"Córrego do Mineirinho"},"geometry":{"type":"LineString","coordinates":[[-47.928834,-21.999341],[-47.928549,-21.999789]]}},{"type":"Feature","properties":{"class":"stream"},"geometry":{"type":"LineString","coordinates":[[-47.934813,-22.003533],[-47.932866,-22.003552],[-47.930928,-22.003739],[-47.930503,-22.003838],[-47.9303,-22.003806],[-47.930126,-22.003788],[-47.929937,-22.003818],[-47.929888,-22.003855],[-47.929861,-22.003945],[-47.929816,-22.004013],[-47.929714,-22.004046],[-47.929525,-22.004034],[-47.929307,-22.003972],[-47.928984,-22.003911],[-47.927852,-22.003652],[-47.927259,-22.003461],[-47.927067,-22.003435],[-47.926975,-22.003448],[-47.926847,-22.00354],[-47.926722,-22.003711]]}},{"type":"Feature","properties":{"class":"stream"},"geometry":{"type":"LineString","coordinates":[[-47.933287,-21.996417],[-47.932916,-21.996482],[-47.932762,-21.996558],[-47.932511,-21.996575],[-47.932256,-21.996506],[-47.931966,-21.996416],[-47.931689,-21.99639]]}},{"type":"Feature","properties":{"class":"stream","name":"Córrego do Mineirinho"},"geometry":{"type":"LineString","coordinates":[[-47.930623,-21.991564],[-47.930895,-21.991812],[-47.930867,-21.991946],[-47.931032,-21.992053],[-47.931088,-21.992232],[-47.931215,-21.992709],[-47.931247,-21.993016],[-47.931403,-21.993307],[-47.931342,-21.993522],[-47.931471,-21.993794],[-47.931703,-21.994479],[-47.931883,-21.994756],[-47.931912,-21.995293],[-47.932022,-21.995567],[-47.932078,-21.995824],[-47.931944,-21.996085],[-47.931689,-21.99639],[-47.931496,-21.996632],[-47.93153,-21.996768],[-47.930944,-21.997396],[-47.930665,-21.997959],[-47.930155,-21.998399],[-47.929817,-21.998595],[-47.929358,-21.998774],[-47.92905,-21.999177],[-47.928834,-21.999341]]}},{"type":"Feature","properties":{"class":"water"},"geometry":{"type":"Polygon","coordinates":[[[-47.951234,-22.006472],[-47.951047,-22.00664],[-47.951005,-22.006719],[-47.951068,-22.007025],[-47.950991,-22.007092],[-47.950991,-22.00714],[-47.950988,-22.007161],[-47.95104,-22.007168],[-47.95105,-22.007214],[-47.950985,-22.007251],[-47.950968,-22.007293],[-47.950996,-22.00732],[-47.951047,-22.00729],[-47.951068,-22.007295],[-47.951093,-22.007327],[-47.951037,-22.00742],[-47.951017,-22.007509],[-47.95102,-22.007548],[-47.95113,-22.007721],[-47.951211,-22.007745],[-47.951229,-22.007723],[-47.951284,-22.007667],[-47.951326,-22.007652],[-47.951381,-22.007648],[-47.951369,-22.007607],[-47.951274,-22.0076],[-47.951217,-22.007557],[-47.951219,-22.007504],[-47.951226,-22.00745],[-47.951214,-22.007391],[-47.951219,-22.007348],[-47.951244,-22.007289],[-47.951254,-22.007241],[-47.951293,-22.007191],[-47.951318,-22.007143],[-47.951356,-22.00705],[-47.951343,-22.006992],[-47.951303,-22.006909],[-47.951291,-22.006884],[-47.951271,-22.006809],[-47.951306,-22.006763],[-47.951324,-22.006704],[-47.951351,-22.006622],[-47.951373,-22.006571],[-47.951385,-22.006515],[-47.951386,-22.006462],[-47.951388,-22.006389],[-47.951234,-22.006472]]]}},{"type":"Feature","properties":{"class":"stream","name":"Córrego Lagoa dos Patos"},"geometry":{"type":"LineString","coordinates":[[-47.951234,-22.006472],[-47.951406,-22.005887],[-47.951356,-22.005351],[-47.951236,-22.004796],[-47.950548,-22.003733],[-47.95003,-22.002772],[-47.94989,-22.002338],[-47.94978,-22.001062],[-47.95004,-22.000304],[-47.950478,-21.999444],[-47.951143,-21.998399]]}},{"type":"Feature","properties":{"class":"stream"},"geometry":{"type":"LineString","coordinates":[[-47.951143,-21.998399],[-47.951341,-21.998104]]}},{"type":"Feature","properties":{"class":"stream"},"geometry":{"type":"LineString","coordinates":[[-47.940954,-21.991416],[-47.942055,-21.990747],[-47.942778,-21.990296],[-47.944104,-21.989271],[-47.945623,-21.987344],[-47.946382,-21.986613]]}},{"type":"Feature","properties":{"class":"stream","name":"Córrego da Fazenda Rancho Alegre"},"geometry":{"type":"LineString","coordinates":[[-47.951517,-21.987289],[-47.951633,-21.987286]]}},{"type":"Feature","properties":{"class":"reservoir"},"geometry":{"type":"Polygon","coordinates":[[[-47.950775,-21.986957],[-47.94984,-21.986924],[-47.948624,-21.986865],[-47.948254,-21.986993],[-47.948405,-21.987199],[-47.949096,-21.987359],[-47.950051,-21.987502],[-47.951393,-21.987562],[-47.951573,-21.987537],[-47.951573,-21.986877],[-47.950775,-21.986957]]]}},{"type":"Feature","properties":{"class":"stream","name":"Córrego da Fazenda Rancho Alegre"},"geometry":{"type":"LineString","coordinates":[[-47.938919,-21.983689],[-47.939874,-21.983927],[-47.941643,-21.984419],[-47.942645,-21.984897],[-47.943308,-21.985348],[-47.944473,-21.985868],[-47.945092,-21.986237],[-47.945578,-21.986332],[-47.946185,-21.986563],[-47.946382,-21.986613],[-47.946917,-21.98675],[-47.948054,-21.986967],[-47.948254,-21.986993],[-47.94916,-21.987112],[-47.950625,-21.987213],[-47.951434,-21.98729],[-47.951517,-21.987289]]}},{"type":"Feature","properties":{"class":"stream"},"geometry":{"type":"LineString","coordinates":[[-47.938452,-21.983694],[-47.938919,-21.983689]]}},{"type":"Feature","properties":{"class":"reservoir"},"geometry":{"type":"Polygon","coordinates":[[[-47.937993,-21.983186],[-47.93792,-21.983028],[-47.937676,-21.983118],[-47.937319,-21.982938],[-47.937018,-21.983028],[-47.937148,-21.983315],[-47.936619,-21.98345],[-47.937001,-21.983646],[-47.937628,-21.983631],[-47.93814,-21.983812],[-47.938498,-21.983292],[-47.937993,-21.983186]]]}},{"type":"Feature","properties":{"class":"stream","name":"Córrego da Fazenda Rancho Alegre"},"geometry":{"type":"LineString","coordinates":[[-47.932329,-21.983441],[-47.933053,-21.983583],[-47.935496,-21.983749],[-47.936233,-21.98364],[-47.936619,-21.98345],[-47.937465,-21.983516],[-47.937915,-21.983569],[-47.938452,-21.983694]]}},{"type":"Feature","properties":{"class":"stream"},"geometry":{"type":"LineString","coordinates":[[-47.935301,-21.981408],[-47.935942,-21.982425],[-47.937018,-21.983028]]}},{"type":"Feature","properties":{"class":"stream","name":"Córrego do Cancan"},"geometry":{"type":"LineString","coordinates":[[-47.93785,-21.973081],[-47.937925,-21.971668],[-47.938901,-21.970872],[-47.940344,-21.970944],[-47.941824,-21.971336],[-47.942816,-21.971562],[-47.943889,-21.971547],[-47.944475,-21.971885],[-47.944763,-21.972182],[-47.94488,-21.972302]]}},{"type":"Feature","properties":{"class":"stream","name":"Córrego do Cancan"},"geometry":{"type":"LineString","coordinates":[[-47.945216,-21.972647],[-47.945342,-21.972778],[-47.946816,-21.973691],[-47.947527,-21.975357],[-47.948008,-21.97545]]}},{"type":"Feature","properties":{"class":"stream"},"geometry":{"type":"LineString","coordinates":[[-47.94488,-21.972302],[-47.945216,-21.972647]]}},{"type":"Feature","properties":{"class":"stream"},"geometry":{"type":"LineString","coordinates":[[-47.942807,-21.97711],[-47.945188,-21.976742],[-47.946551,-21.976414],[-47.947527,-21.975357]]}},{"type":"Feature","properties":{"class":"stream"},"geometry":{"type":"LineString","coordinates":[[-47.948008,-21.97545],[-47.948152,-21.975478]]}},{"type":"Feature","properties":{"class":"stream"},"geometry":{"type":"LineString","coordinates":[[-47.948152,-21.975478],[-47.948636,-21.975571]]}},{"type":"Feature","properties":{"class":"stream","name":"Córrego do Cancan"},"geometry":{"type":"LineString","coordinates":[[-47.958602,-21.975192],[-47.958718,-21.975178]]}},{"type":"Feature","properties":{"class":"stream","name":"Córrego do Cancan"},"geometry":{"type":"LineString","coordinates":[[-47.948636,-21.975571],[-47.951826,-21.976091],[-47.953015,-21.975981],[-47.955584,-21.975552],[-47.958602,-21.975192]]}},{"type":"Feature","properties":{"class":"stream","name":"Córrego da Fazenda Rancho Alegre"},"geometry":{"type":"LineString","coordinates":[[-47.951633,-21.987286],[-47.951721,-21.987284],[-47.952954,-21.987174],[-47.953927,-21.987054],[-47.955871,-21.98709],[-47.956358,-21.987083],[-47.957287,-21.98707]]}},{"type":"Feature","properties":{"class":"reservoir"},"geometry":{"type":"Polygon","coordinates":[[[-47.955596,-21.986607],[-47.955495,-21.986689],[-47.955239,-21.986738],[-47.954844,-21.986833],[-47.954625,-21.986848],[-47.954497,-21.986875],[-47.95426,-21.986856],[-47.954158,-21.986898],[-47.953765,-21.986954],[-47.953443,-21.986974],[-47.953187,-21.986966],[-47.953065,-21.987064],[-47.952952,-21.987243],[-47.953129,-21.987365],[-47.953476,-21.987416],[-47.953664,-21.987421],[-47.953804,-21.987417],[-47.953991,-21.987414],[-47.954168,-21.987434],[-47.954397,-21.987462],[-47.95456,-21.987492],[-47.954661,-21.987536],[-47.954846,-21.987555],[-47.955045,-21.987603],[-47.955299,-21.987631],[-47.955477,-21.987627],[-47.95551,-21.987603],[-47.955856,-21.98759],[-47.955871,-21.98709],[-47.955887,-21.986575],[-47.955596,-21.986607]]]}},{"type":"Feature","properties":{"class":"stream"},"geometry":{"type":"LineString","coordinates":[[-47.957469,-21.987026],[-47.959146,-21.986447],[-47.960626,-21.985999],[-47.961826,-21.985768],[-47.962673,-21.985586],[-47.962944,-21.985494]]}},{"type":"Feature","properties":{"class":"stream"},"geometry":{"type":"LineString","coordinates":[[-47.963048,-21.985456],[-47.963293,-21.985365],[-47.96438,-21.984677],[-47.965591,-21.984273],[-47.966358,-21.983971]]}},{"type":"Feature","properties":{"class":"stream","name":"Córrego do Cancan"},"geometry":{"type":"LineString","coordinates":[[-47.965696,-21.982189],[-47.965703,-21.982226],[-47.965986,-21.983621],[-47.966358,-21.983971],[-47.966672,-21.98429]]}},{"type":"Feature","properties":{"class":"stream"},"geometry":{"type":"LineString","coordinates":[[-47.965673,-21.982078],[-47.965696,-21.982189]]}},{"type":"Feature","properties":{"class":"stream","name":"Córrego do Cancan"},"geometry":{"type":"LineString","coordinates":[[-47.964796,-21.977742],[-47.965668,-21.982049],[-47.965673,-21.982078]]}},{"type":"Feature","properties":{"class":"stream","name":"Córrego do Cancan"},"geometry":{"type":"LineString","coordinates":[[-47.958718,-21.975178],[-47.959425,-21.975094],[-47.960399,-21.974976],[-47.961464,-21.975262],[-47.963043,-21.976197],[-47.963482,-21.976341],[-47.964183,-21.976982],[-47.964597,-21.977496],[-47.964796,-21.977742]]}},{"type":"Feature","properties":{"class":"stream"},"geometry":{"type":"LineString","coordinates":[[-47.973611,-21.969556],[-47.971022,-21.970922],[-47.967019,-21.975269],[-47.966892,-21.975405],[-47.966843,-21.975458],[-47.966768,-21.975538],[-47.965377,-21.977034],[-47.964597,-21.977496]]}},{"type":"Feature","properties":{"class":"water"},"geometry":{"type":"Polygon","coordinates":[[[-47.983726,-21.98164],[-47.983717,-21.981536],[-47.983724,-21.981425],[-47.98376,-21.981324],[-47.983815,-21.981221],[-47.983899,-21.981132],[-47.983908,-21.98109],[-47.983878,-21.981025],[-47.983821,-21.980962],[-47.983815,-21.980999],[-47.983821,-21.981027],[-47.983794,-21.981101],[-47.98376,-21.981101],[-47.9837,-21.981104],[-47.98367,-21.981056],[-47.983618,-21.981087],[-47.983622,-21.981129],[-47.983599,-21.981205],[-47.983464,-21.981413],[-47.983378,-21.981607],[-47.983341,-21.98168],[-47.983375,-21.981732],[-47.983524,-21.981802],[-47.98358,-21.981815],[-47.98367,-21.981763],[-47.983719,-21.981684],[-47.983726,-21.98164]]]}},{"type":"Feature","properties":{"class":"stream"},"geometry":{"type":"LineString","coordinates":[[-47.982547,-21.972799],[-47.982654,-21.973256],[-47.982783,-21.973615],[-47.983105,-21.973833],[-47.983405,-21.974112],[-47.983577,-21.974669],[-47.98377,-21.975226],[-47.984049,-21.975843],[-47.984092,-21.97656],[-47.984135,-21.976997],[-47.984092,-21.977594],[-47.984006,-21.978191],[-47.984006,-21.978629],[-47.984156,-21.979226],[-47.984156,-21.979922],[-47.984028,-21.980619],[-47.983534,-21.981713],[-47.983105,-21.982449],[-47.982633,-21.983365],[-47.982011,-21.984559],[-47.981045,-21.985991],[-47.980273,-21.986867],[-47.979886,-21.987284],[-47.979693,-21.987662],[-47.979479,-21.98822],[-47.97935,-21.988737],[-47.979114,-21.989095],[-47.978577,-21.989592],[-47.978148,-21.99001],[-47.977805,-21.990408],[-47.977676,-21.990866],[-47.977519,-21.991097]]}},{"type":"Feature","properties":{"class":"stream","name":"Córrego Lagoa dos Patos"},"geometry":{"type":"LineString","coordinates":[[-47.96873,-21.990872],[-47.968844,-21.990847]]}},{"type":"Feature","properties":{"class":"stream","name":"Córrego Lagoa dos Patos"},"geometry":{"type":"LineString","coordinates":[[-47.968844,-21.990847],[-47.969068,-21.990799],[-47.969711,-21.990699],[-47.970355,-21.990699],[-47.97087,-21.990739],[-47.971381,-21.990843]]}},{"type":"Feature","properties":{"class":"stream","name":"Córrego do Cancan"},"geometry":{"type":"LineString","coordinates":[[-47.966672,-21.98429],[-47.967982,-21.985443],[-47.96957,-21.987666],[-47.969742,-21.98801],[-47.970219,-21.988492],[-47.970729,-21.990328],[-47.971381,-21.990843],[-47.973347,-21.992397],[-47.974677,-21.994247],[-47.975228,-21.99461],[-47.976083,-21.995172],[-47.976291,-21.995512],[-47.976973,-21.996625],[-47.977815,-21.998072],[-47.97811,-21.99851],[-47.977933,-21.998669],[-47.977847,-21.998823],[-47.977697,-21.998972],[-47.977826,-21.999251],[-47.977316,-22.00133],[-47.97737,-22.001549],[-47.97766,-22.002723],[-47.978191,-22.003448],[-47.978432,-22.003777],[-47.979164,-22.004613]]}},{"type":"Feature","properties":{"class":"pond"},"geometry":{"type":"Polygon","coordinates":[[[-47.972801,-21.989725],[-47.972929,-21.989808],[-47.972972,-21.989801],[-47.973015,-21.989773],[-47.973036,-21.989717],[-47.973006,-21.989662],[-47.972827,-21.989507],[-47.97272,-21.98963],[-47.972801,-21.989725]]]}},{"type":"Feature","properties":{"class":"pond"},"geometry":{"type":"Polygon","coordinates":[[[-47.972408,-21.989844],[-47.972429,-21.989816],[-47.972527,-21.989733],[-47.972545,-21.98969],[-47.972532,-21.98963],[-47.972472,-21.989579],[-47.972173,-21.989345],[-47.97213,-21.989337],[-47.972023,-21.989487],[-47.972015,-21.989535],[-47.972045,-21.989575],[-47.972374,-21.989816],[-47.972408,-21.989844]]]}},{"type":"Feature","properties":{"class":"pond"},"geometry":{"type":"Polygon","coordinates":[[[-47.97278,-21.989476],[-47.972767,-21.989436],[-47.97263,-21.989329],[-47.972335,-21.989111],[-47.972275,-21.989155],[-47.972228,-21.989222],[-47.972228,-21.989266],[-47.97231,-21.989349],[-47.972562,-21.989523],[-47.972694,-21.989575],[-47.97278,-21.989476]]]}},{"type":"Feature","properties":{"class":"stream"},"geometry":{"type":"LineString","coordinates":[[-47.977467,-21.991173],[-47.977311,-21.991403],[-47.976968,-21.991781],[-47.97641,-21.992358],[-47.97626,-21.992637],[-47.97626,-21.992955],[-47.976131,-21.993393],[-47.975874,-21.993771],[-47.975509,-21.994169],[-47.975228,-21.99461]]}},{"type":"Feature","properties":{"class":"stream"},"geometry":{"type":"LineString","coordinates":[[-47.977519,-21.991097],[-47.977467,-21.991173]]}},{"type":"Feature","properties":{"class":"pond"},"geometry":{"type":"Polygon","coordinates":[[[-47.97712,-21.996947],[-47.977155,-21.996839],[-47.977112,-21.996729],[-47.977082,-21.996677],[-47.977031,-21.996654],[-47.97694,-21.996449],[-47.976891,-21.996447],[-47.976834,-21.996362],[-47.976667,-21.996004],[-47.976613,-21.995999],[-47.976524,-21.995829],[-47.976511,-21.995739],[-47.976454,-21.995519],[-47.976419,-21.995549],[-47.976451,-21.995816],[-47.976481,-21.995866],[-47.976468,-21.995916],[-47.97654,-21.996147],[-47.9766,-21.996367],[-47.976689,-21.996574],[-47.976791,-21.996709],[-47.976826,-21.996834],[-47.976934,-21.996944],[-47.977034,-21.996982],[-47.97712,-21.996947]]]}},{"type":"Feature","properties":{"class":"stream","name":"Córrego do Cancan"},"geometry":{"type":"LineString","coordinates":[[-47.979237,-22.004696],[-47.979521,-22.00502],[-47.979398,-22.006343],[-47.979634,-22.007249],[-47.980481,-22.008104]]}},{"type":"Feature","properties":{"class":"stream","name":"Córrego do Cancan"},"geometry":{"type":"LineString","coordinates":[[-47.979164,-22.004613],[-47.979237,-22.004696]]}},{"type":"Feature","properties":{"class":"stream"},"geometry":{"type":"LineString","coordinates":[[-47.976753,-22.005319],[-47.976828,-22.005249],[-47.977089,-22.004903],[-47.977332,-22.004539],[-47.977706,-22.004228],[-47.977892,-22.003847],[-47.978191,-22.003448]]}},{"type":"Feature","properties":{"class":"stream"},"geometry":{"type":"LineString","coordinates":[[-47.97667,-22.005395],[-47.976753,-22.005319]]}},{"type":"Feature","properties":{"class":"stream"},"geometry":{"type":"LineString","coordinates":[[-47.97287,-22.001123],[-47.973487,-22.001192],[-47.97401,-22.001227],[-47.974925,-22.001262],[-47.975766,-22.001279],[-47.976195,-22.00121],[-47.9767,-22.001331],[-47.977036,-22.001452],[-47.97737,-22.001549]]}},{"type":"Feature","properties":{"class":"stream"},"geometry":{"type":"LineString","coordinates":[[-47.97273,-22.001106],[-47.97287,-22.001123]]}},{"type":"Feature","properties":{"class":"stream"},"geometry":{"type":"LineString","coordinates":[[-47.960183,-22.006368],[-47.960403,-22.00621],[-47.960533,-22.006014],[-47.960744,-22.005773],[-47.96098,-22.005524],[-47.961273,-22.005366],[-47.96146,-22.005253],[-47.961923,-22.005162],[-47.962289,-22.005049],[-47.962663,-22.004936],[-47.963135,-22.004815],[-47.963476,-22.004612],[-47.964,-22.004421],[-47.964579,-22.004181],[-47.965146,-22.003941],[-47.965849,-22.003564],[-47.966625,-22.003221],[-47.967463,-22.002993],[-47.968548,-22.002741],[-47.969041,-22.002526],[-47.969713,-22.00218],[-47.970236,-22.001747],[-47.970815,-22.001435],[-47.971114,-22.001192],[-47.971693,-22.001106],[-47.972291,-22.001054],[-47.97273,-22.001106]]}},{"type":"Feature","properties":{"class":"stream","name":"Córrego Lagoa dos Patos"},"geometry":{"type":"LineString","coordinates":[[-47.962702,-21.992289],[-47.96321,-21.992171],[-47.963639,-21.992032],[-47.964025,-21.991793],[-47.964347,-21.991654],[-47.965098,-21.991594],[-47.965806,-21.991475],[-47.966278,-21.991316],[-47.966729,-21.991296],[-47.967437,-21.991296],[-47.967887,-21.991177],[-47.968424,-21.990938],[-47.96873,-21.990872]]}},{"type":"Feature","properties":{"class":"stream","name":"Córrego Lagoa dos Patos"},"geometry":{"type":"LineString","coordinates":[[-47.961606,-21.992729],[-47.962702,-21.992289]]}},{"type":"Feature","properties":{"class":"stream","name":"Córrego Lagoa dos Patos"},"geometry":{"type":"LineString","coordinates":[[-47.961488,-21.992776],[-47.961606,-21.992729]]}},{"type":"Feature","properties":{"class":"stream","name":"Córrego Lagoa dos Patos"},"geometry":{"type":"LineString","coordinates":[[-47.951341,-21.998104],[-47.951555,-21.997804],[-47.952233,-21.997346],[-47.95328,-21.99656],[-47.954347,-21.99594],[-47.955733,-21.995404],[-47.956889,-21.995016],[-47.957906,-21.99448],[-47.958235,-21.994267],[-47.958854,-21.993934],[-47.96008,-21.993176],[-47.961137,-21.992917],[-47.961488,-21.992776]]}},{"type":"Feature","properties":{"class":"water"},"geometry":{"type":"Polygon","coordinates":[[[-47.953774,-22.021918],[-47.95382,-22.021846],[-47.953924,-22.02184],[-47.953895,-22.021779],[-47.953807,-22.021658],[-47.953738,-22.021504],[-47.953709,-22.021416],[-47.953692,-22.021325],[-47.953696,-22.021243],[-47.953624,-22.021204],[-47.953552,-22.021149],[-47.953467,-22.021137],[-47.953372,-22.021119],[-47.953304,-22.021131],[-47.953307,-22.021179],[-47.953251,-22.021189],[-47.95317,-22.021258],[-47.953104,-22.021352],[-47.953055,-22.021425],[-47.953026,-22.021561],[-47.953023,-22.021679],[-47.95297,-22.021776],[-47.952928,-22.021846],[-47.952974,-22.021882],[-47.95299,-22.021937],[-47.952954,-22.021988],[-47.952964,-22.022082],[-47.95301,-22.022149],[-47.953085,-22.022176],[-47.953738,-22.021931],[-47.953774,-22.021918]]]}},{"type":"Feature","properties":{"class":"stream"},"geometry":{"type":"LineString","coordinates":[[-47.951663,-22.017959],[-47.951582,-22.018261],[-47.951663,-22.018728],[-47.95194,-22.01906],[-47.952346,-22.019542],[-47.952948,-22.020025],[-47.953306,-22.020477],[-47.953371,-22.020854],[-47.953403,-22.021412],[-47.953484,-22.022286],[-47.953387,-22.022572],[-47.953436,-22.022874],[-47.953761,-22.023055],[-47.954119,-22.023432],[-47.95446,-22.023899],[-47.954623,-22.024351],[-47.954883,-22.025],[-47.955111,-22.025588],[-47.955273,-22.02613],[-47.955306,-22.026522],[-47.955111,-22.026884],[-47.955159,-22.027185],[-47.955192,-22.027743],[-47.955094,-22.028165],[-47.954867,-22.028587],[-47.954476,-22.028889],[-47.953989,-22.028994],[-47.953127,-22.029175],[-47.95233,-22.029221],[-47.951208,-22.029266],[-47.950574,-22.029281],[-47.950183,-22.029236],[-47.949858,-22.02913],[-47.949582,-22.02913],[-47.949268,-22.029334]]}},{"type":"Feature","properties":{"class":"stream"},"geometry":{"type":"LineString","coordinates":[[-47.957639,-22.01743],[-47.958423,-22.01807],[-47.959264,-22.018728],[-47.959712,-22.019335],[-47.959936,-22.019802],[-47.960038,-22.019978]]}},{"type":"Feature","properties":{"class":"stream"},"geometry":{"type":"LineString","coordinates":[[-47.960038,-22.019978],[-47.960093,-22.020074]]}},{"type":"Feature","properties":{"class":"stream"},"geometry":{"type":"LineString","coordinates":[[-47.965209,-22.02224],[-47.96542,-22.022376],[-47.965534,-22.022632],[-47.965729,-22.023039],[-47.966022,-22.023069],[-47.966298,-22.02319],[-47.966459,-22.023175],[-47.966624,-22.023159],[-47.966998,-22.023174],[-47.967437,-22.02319],[-47.967925,-22.02319],[-47.968397,-22.023368]]}},{"type":"Feature","properties":{"class":"stream"},"geometry":{"type":"LineString","coordinates":[[-47.965892,-22.020446],[-47.965989,-22.020898],[-47.966136,-22.021501],[-47.96612,-22.021878],[-47.966152,-22.022225],[-47.966233,-22.022466],[-47.966315,-22.022737],[-47.966459,-22.023175]]}},{"type":"Feature","properties":{"class":"stream"},"geometry":{"type":"LineString","coordinates":[[-47.967936,-22.01067],[-47.968235,-22.01067],[-47.968384,-22.010549],[-47.968646,-22.010428],[-47.968982,-22.010376],[-47.969318,-22.010203],[-47.969393,-22.010064],[-47.969692,-22.009891],[-47.970028,-22.009683],[-47.970458,-22.009544],[-47.970944,-22.009406],[-47.971467,-22.009267],[-47.971653,-22.009181],[-47.972008,-22.009042],[-47.972419,-22.008869],[-47.972812,-22.008557],[-47.973279,-22.008246],[-47.973559,-22.007986],[-47.973951,-22.007795],[-47.974269,-22.007605],[-47.97453,-22.007362],[-47.97481,-22.007103],[-47.975053,-22.006808],[-47.975277,-22.006652],[-47.975651,-22.006358],[-47.975968,-22.00615],[-47.976211,-22.005856],[-47.976491,-22.005561],[-47.97667,-22.005395]]}},{"type":"Feature","properties":{"class":"stream"},"geometry":{"type":"LineString","coordinates":[[-47.983866,-22.019974],[-47.983773,-22.020203],[-47.983607,-22.020591],[-47.98349,-22.021083],[-47.983428,-22.021602],[-47.983527,-22.022059],[-47.983574,-22.022416],[-47.983688,-22.022521],[-47.983758,-22.022764],[-47.983836,-22.023079],[-47.9839,-22.023354],[-47.983879,-22.023525],[-47.983801,-22.023827],[-47.983723,-22.024096],[-47.983553,-22.024391],[-47.983376,-22.024496],[-47.983121,-22.024581],[-47.983013,-22.024608]]}},{"type":"Feature","properties":{"class":"stream"},"geometry":{"type":"LineString","coordinates":[[-47.974001,-22.01773],[-47.974344,-22.017989],[-47.974666,-22.018327],[-47.975031,-22.019382],[-47.975095,-22.019939],[-47.975159,-22.020535],[-47.975224,-22.021351],[-47.97531,-22.021908],[-47.975438,-22.022127],[-47.975631,-22.022783],[-47.975653,-22.023499],[-47.975739,-22.024116],[-47.975932,-22.024514],[-47.976447,-22.024593],[-47.976983,-22.024713],[-47.977369,-22.024673],[-47.977756,-22.024374],[-47.978142,-22.024036],[-47.978485,-22.023937],[-47.978914,-22.023798],[-47.979429,-22.023638],[-47.979794,-22.023638],[-47.980052,-22.023778],[-47.980545,-22.024056],[-47.980996,-22.024195],[-47.981361,-22.024275],[-47.981897,-22.024355],[-47.982305,-22.024275],[-47.982562,-22.024315],[-47.982884,-22.024534],[-47.983013,-22.024608],[-47.983506,-22.024892],[-47.983807,-22.025031],[-47.9843,-22.025071],[-47.984536,-22.025031]]}},{"type":"Feature","properties":{"class":"stream"},"geometry":{"type":"LineString","coordinates":[[-47.97714,-22.023037],[-47.977498,-22.023067],[-47.978067,-22.023293],[-47.97849,-22.023384],[-47.978929,-22.023519],[-47.979429,-22.023638]]}},{"type":"Feature","properties":{"class":"stream"},"geometry":{"type":"LineString","coordinates":[[-47.967917,-22.015911],[-47.968024,-22.017005],[-47.968131,-22.017662],[-47.968389,-22.018],[-47.968282,-22.018378],[-47.96811,-22.018835],[-47.967895,-22.019273],[-47.967809,-22.01979],[-47.968067,-22.020228],[-47.968389,-22.020606],[-47.968689,-22.021063],[-47.968818,-22.02168],[-47.968925,-22.022137],[-47.968839,-22.022714],[-47.968625,-22.023132],[-47.968397,-22.023368],[-47.96826,-22.02351],[-47.968003,-22.023908],[-47.968045,-22.024365],[-47.968367,-22.024683],[-47.968689,-22.024982],[-47.969333,-22.025141],[-47.969891,-22.02536],[-47.970363,-22.025658],[-47.970899,-22.026155],[-47.971032,-22.027001],[-47.971056,-22.027253],[-47.971155,-22.027481],[-47.971352,-22.027664],[-47.971562,-22.027744],[-47.971784,-22.027881],[-47.971747,-22.027984],[-47.971611,-22.02811],[-47.971562,-22.028304],[-47.971549,-22.028555],[-47.971586,-22.029103],[-47.971623,-22.029572],[-47.971672,-22.030238],[-47.971704,-22.03081],[-47.971639,-22.031052],[-47.971525,-22.031233],[-47.971444,-22.031534],[-47.97146,-22.032077],[-47.971509,-22.032333],[-47.971672,-22.032876],[-47.971769,-22.033192],[-47.971834,-22.033584],[-47.971916,-22.033976],[-47.972095,-22.034368],[-47.972257,-22.034715],[-47.972485,-22.035061],[-47.972992,-22.035914],[-47.973357,-22.036399],[-47.974026,-22.036468],[-47.974877,-22.036388],[-47.975542,-22.036331],[-47.975961,-22.036251],[-47.976458,-22.036234]]}},{"type":"Feature","properties":{"class":"river","name":"Rio Monjolinho"},"geometry":{"type":"LineString","coordinates":[[-47.942002,-22.030642],[-47.942127,-22.030779],[-47.9423,-22.030924],[-47.942414,-22.030983],[-47.942545,-22.031038],[-47.94272,-22.031019],[-47.94287,-22.03097],[-47.942966,-22.030844],[-47.943052,-22.03068],[-47.943076,-22.030581],[-47.943233,-22.030299],[-47.94332,-22.030061],[-47.943406,-22.02995],[-47.943625,-22.029924],[-47.943872,-22.029946],[-47.944058,-22.029981],[-47.944254,-22.030088],[-47.944571,-22.030314],[-47.944727,-22.030351],[-47.945043,-22.030125],[-47.945208,-22.029874],[-47.945406,-22.029785],[-47.945727,-22.02978],[-47.946037,-22.029806],[-47.946251,-22.029809],[-47.946468,-22.029743],[-47.946643,-22.029676],[-47.946851,-22.029599],[-47.947168,-22.029536],[-47.947475,-22.02946],[-47.947795,-22.029405],[-47.94816,-22.029215],[-47.948397,-22.02894],[-47.948639,-22.028847],[-47.948742,-22.028893],[-47.948885,-22.029012],[-47.949031,-22.02913],[-47.949192,-22.029251],[-47.949268,-22.029334],[-47.949417,-22.029477],[-47.949727,-22.029696],[-47.950028,-22.029857],[-47.950256,-22.029995],[-47.950319,-22.030093],[-47.950307,-22.030241],[-47.950223,-22.030329],[-47.950157,-22.03056],[-47.95004,-22.030663],[-47.949994,-22.030808],[-47.950077,-22.030881],[-47.950308,-22.031064],[-47.950515,-22.031361],[-47.950627,-22.031567],[-47.950766,-22.031829],[-47.950908,-22.032124],[-47.950961,-22.032353],[-47.951051,-22.032619],[-47.951174,-22.03275],[-47.951254,-22.032807],[-47.951481,-22.032773],[-47.951702,-22.032708],[-47.952004,-22.032548],[-47.952386,-22.032495],[-47.952645,-22.032566],[-47.952769,-22.032684],[-47.952999,-22.032624],[-47.953233,-22.032659],[-47.953705,-22.032895],[-47.953968,-22.033097],[-47.954142,-22.033279],[-47.954323,-22.033636],[-47.954474,-22.034013],[-47.954644,-22.034339],[-47.954732,-22.03463],[-47.95485,-22.034832],[-47.955057,-22.034916],[-47.955242,-22.034874],[-47.955357,-22.034745],[-47.955463,-22.034482],[-47.955805,-22.034344],[-47.956151,-22.034285],[-47.956406,-22.034279],[-47.956664,-22.034325],[-47.956899,-22.034411],[-47.957063,-22.03457],[-47.957257,-22.034843],[-47.95733,-22.03498],[-47.9575,-22.035496],[-47.957752,-22.035703],[-47.958155,-22.03595],[-47.958308,-22.036119],[-47.958519,-22.036434],[-47.958572,-22.036644],[-47.958768,-22.036791],[-47.959002,-22.036875],[-47.95941,-22.03698],[-47.959893,-22.037064],[-47.960247,-22.037057],[-47.960579,-22.037015],[-47.961236,-22.0367],[-47.961485,-22.036462],[-47.961689,-22.036308],[-47.961946,-22.03621],[-47.962195,-22.036174],[-47.962353,-22.036161],[-47.96248,-22.03598],[-47.962579,-22.035839],[-47.962778,-22.035602],[-47.962931,-22.03544],[-47.963164,-22.035283],[-47.963395,-22.035077],[-47.963516,-22.034958],[-47.963615,-22.034781],[-47.963783,-22.034744],[-47.964141,-22.034957],[-47.965466,-22.035671],[-47.965735,-22.035865],[-47.965951,-22.036074],[-47.966116,-22.036254],[-47.966217,-22.036459],[-47.966249,-22.036646],[-47.966148,-22.036834],[-47.966025,-22.037011],[-47.965959,-22.037157],[-47.965928,-22.037317],[-47.965993,-22.037447],[-47.966167,-22.037493],[-47.966298,-22.037439],[-47.966437,-22.037276],[-47.966571,-22.037199],[-47.966714,-22.03711],[-47.966953,-22.036949],[-47.967124,-22.036879],[-47.967204,-22.036842],[-47.967305,-22.036864],[-47.967364,-22.036994],[-47.967489,-22.037196],[-47.967666,-22.03741],[-47.967816,-22.037494],[-47.968018,-22.037741],[-47.968284,-22.038079],[-47.968346,-22.038357],[-47.96837,-22.038611],[-47.968436,-22.038798],[-47.968666,-22.038932],[-47.968975,-22.038966],[-47.969205,-22.038862],[-47.969503,-22.03886],[-47.96975,-22.039016],[-47.969895,-22.039135],[-47.969972,-22.039272],[-47.969916,-22.039431],[-47.969853,-22.039571],[-47.969889,-22.039873],[-47.969986,-22.040073],[-47.97023,-22.040239],[-47.970638,-22.040386],[-47.970957,-22.040376],[-47.97144,-22.040227],[-47.971649,-22.040048],[-47.971791,-22.039837],[-47.972011,-22.03969],[-47.972153,-22.039658],[-47.972333,-22.039695],[-47.973784,-22.039386],[-47.974602,-22.039016],[-47.974878,-22.038934],[-47.975213,-22.038904],[-47.975737,-22.038728],[-47.97605,-22.038598],[-47.976439,-22.038452],[-47.976938,-22.038399],[-47.977011,-22.03833],[-47.977008,-22.038222],[-47.976673,-22.037559],[-47.976659,-22.037035],[-47.976565,-22.036744],[-47.976458,-22.036453],[-47.976458,-22.036234],[-47.976482,-22.035956],[-47.976557,-22.035762],[-47.976659,-22.035588],[-47.976852,-22.035389],[-47.977067,-22.03522],[-47.977198,-22.035076],[-47.977264,-22.034996],[-47.977367,-22.034909],[-47.977502,-22.034876],[-47.97761,-22.034904],[-47.977752,-22.035082],[-47.977935,-22.035294],[-47.97806,-22.03551],[-47.97818,-22.035611],[-47.978348,-22.035604],[-47.97853,-22.035545],[-47.978658,-22.035492],[-47.978831,-22.035396],[-47.978915,-22.035347],[-47.979201,-22.03527],[-47.979342,-22.035223],[-47.979483,-22.035187],[-47.97961,-22.035183],[-47.979717,-22.035199],[-47.979825,-22.035312],[-47.979959,-22.035455],[-47.980075,-22.035532],[-47.980153,-22.035572],[-47.980293,-22.035504],[-47.980342,-22.035334],[-47.980352,-22.035172],[-47.980376,-22.035046],[-47.980508,-22.03499],[-47.980635,-22.035005],[-47.980716,-22.035092],[-47.980781,-22.035241],[-47.980911,-22.035411],[-47.98107,-22.0355],[-47.98128,-22.035659],[-47.981391,-22.035816],[-47.981501,-22.036031],[-47.981727,-22.03617],[-47.981885,-22.03633],[-47.981962,-22.036556],[-47.982108,-22.03667],[-47.982281,-22.036755],[-47.982496,-22.036816],[-47.982842,-22.036813],[-47.983106,-22.036792],[-47.983416,-22.036858],[-47.983597,-22.036946],[-47.983738,-22.037044],[-47.984011,-22.037268],[-47.984274,-22.037577],[-47.984615,-22.037683],[-47.984741,-22.037666],[-47.984907,-22.037584],[-47.985049,-22.037378],[-47.985183,-22.037181],[-47.985368,-22.036957],[-47.985575,-22.036823],[-47.985906,-22.036736],[-47.986201,-22.036729],[-47.986434,-22.036792],[-47.986517,-22.036862],[-47.986502,-22.037163],[-47.986575,-22.037311],[-47.986849,-22.037301],[-47.986999,-22.037276],[-47.987197,-22.037226],[-47.987468,-22.037205],[-47.987642,-22.037107],[-47.98765,-22.036925],[-47.987823,-22.036862],[-47.988042,-22.036757],[-47.988261,-22.036715],[-47.98851,-22.03668],[-47.988751,-22.036673],[-47.989061,-22.036603],[-47.98931,-22.036533],[-47.989604,-22.036533],[-47.989868,-22.036512],[-47.990656,-22.036647],[-47.991103,-22.036684],[-47.991355,-22.036674],[-47.991515,-22.036592],[-47.991538,-22.036415],[-47.991468,-22.036172],[-47.991275,-22.035888],[-47.991252,-22.035747],[-47.991248,-22.03565],[-47.991323,-22.035525],[-47.991409,-22.035476],[-47.99158,-22.035461],[-47.991929,-22.035471],[-47.992165,-22.035396],[-47.992364,-22.035222],[-47.992857,-22.034944],[-47.993317,-22.034713],[-47.993715,-22.034411],[-47.993893,-22.034213],[-47.993941,-22.034009],[-47.99386,-22.033765],[-47.99385,-22.033556],[-47.993882,-22.033283],[-47.993994,-22.032845],[-47.994086,-22.032378],[-47.994048,-22.031995],[-47.993978,-22.031512],[-47.993866,-22.030772],[-47.993864,-22.030531],[-47.993925,-22.030269],[-47.994005,-22.03006],[-47.994139,-22.029722],[-47.994277,-22.029492],[-47.994516,-22.029311],[-47.994682,-22.029196],[-47.994986,-22.029068],[-47.995188,-22.02898],[-47.995278,-22.028959],[-47.995382,-22.028974]]}},{"type":"Feature","properties":{"class":"stream"},"geometry":{"type":"LineString","coordinates":[[-47.974012,-22.048133],[-47.974043,-22.047783],[-47.973978,-22.047301],[-47.973831,-22.04706],[-47.973555,-22.046366],[-47.97349,-22.045944],[-47.97336,-22.045688],[-47.972969,-22.045492],[-47.972449,-22.045341],[-47.972156,-22.045145],[-47.972091,-22.044934],[-47.972091,-22.044663],[-47.972319,-22.044075],[-47.972514,-22.043638],[-47.972677,-22.042914],[-47.9724,-22.042281],[-47.972286,-22.04201],[-47.97214,-22.041618],[-47.972124,-22.041181],[-47.972221,-22.040834],[-47.972303,-22.040442],[-47.972384,-22.03996],[-47.972333,-22.039695]]}},{"type":"Feature","properties":{"class":"stream"},"geometry":{"type":"LineString","coordinates":[[-47.968032,-22.044419],[-47.968317,-22.044047],[-47.96851,-22.04353],[-47.968575,-22.042675],[-47.968789,-22.042237],[-47.969218,-22.0417],[-47.969755,-22.041283],[-47.970012,-22.040885],[-47.970184,-22.040606],[-47.97023,-22.040239]]}},{"type":"Feature","properties":{"class":"stream"},"geometry":{"type":"LineString","coordinates":[[-47.967965,-22.044506],[-47.968032,-22.044419]]}},{"type":"Feature","properties":{"class":"stream"},"geometry":{"type":"LineString","coordinates":[[-47.960041,-22.034068],[-47.960291,-22.034232],[-47.961087,-22.03473],[-47.961673,-22.03482],[-47.962486,-22.034835],[-47.963071,-22.03467],[-47.963462,-22.034639],[-47.963615,-22.034781]]}},{"type":"Feature","properties":{"class":"stream"},"geometry":{"type":"LineString","coordinates":[[-47.95993,-22.033989],[-47.960041,-22.034068]]}},{"type":"Feature","properties":{"class":"stream"},"geometry":{"type":"LineString","coordinates":[[-47.95554,-22.036235],[-47.955621,-22.03601],[-47.955733,-22.035612],[-47.956088,-22.035196],[-47.956387,-22.034937],[-47.956742,-22.034642],[-47.956899,-22.034411]]}},{"type":"Feature","properties":{"class":"stream"},"geometry":{"type":"LineString","coordinates":[[-47.960093,-22.020074],[-47.960366,-22.020547],[-47.96074,-22.021309],[-47.960926,-22.021898],[-47.960945,-22.022382],[-47.960889,-22.022867],[-47.960777,-22.023854],[-47.960684,-22.024859],[-47.960758,-22.025707],[-47.960665,-22.026487],[-47.960646,-22.026816],[-47.960627,-22.02737],[-47.960627,-22.028132],[-47.960609,-22.028547],[-47.960403,-22.029136],[-47.960011,-22.03021],[-47.959685,-22.031278],[-47.959544,-22.031698],[-47.959317,-22.031868],[-47.958963,-22.032105],[-47.958836,-22.032367],[-47.958779,-22.032695],[-47.959006,-22.033102],[-47.959461,-22.03366],[-47.959819,-22.033916],[-47.95993,-22.033989]]}},{"type":"Feature","properties":{"class":"stream"},"geometry":{"type":"LineString","coordinates":[[-47.953884,-22.040097],[-47.954183,-22.039768],[-47.954351,-22.0393],[-47.95465,-22.038608],[-47.954781,-22.038192],[-47.954986,-22.037742],[-47.955023,-22.037465],[-47.955266,-22.037188],[-47.955378,-22.036686],[-47.955501,-22.036344]]}},{"type":"Feature","properties":{"class":"stream"},"geometry":{"type":"LineString","coordinates":[[-47.955501,-22.036344],[-47.95554,-22.036235]]}},{"type":"Feature","properties":{"class":"stream"},"geometry":{"type":"LineString","coordinates":[[-47.935483,-22.0249],[-47.935687,-22.025268],[-47.93573,-22.025486],[-47.935547,-22.025834],[-47.935344,-22.026242],[-47.935397,-22.026501],[-47.935558,-22.026869],[-47.935547,-22.027227],[-47.93529,-22.027635],[-47.934925,-22.027943],[-47.934764,-22.028152],[-47.934732,-22.028361],[-47.934839,-22.028619],[-47.935129,-22.028778],[-47.935333,-22.028937],[-47.93558,-22.029107],[-47.93588,-22.029455],[-47.936288,-22.029624],[-47.936684,-22.029774]]}},{"type":"Feature","properties":{"class":"stream"},"geometry":{"type":"LineString","coordinates":[[-47.940008,-22.025714],[-47.940017,-22.026066],[-47.940161,-22.026287],[-47.940153,-22.026512],[-47.940097,-22.0267],[-47.940133,-22.026945],[-47.940226,-22.02717],[-47.940303,-22.027336],[-47.940509,-22.027446],[-47.940714,-22.02754],[-47.940863,-22.02765],[-47.941131,-22.027677]]}},{"type":"Feature","properties":{"class":"water"},"geometry":{"type":"Polygon","coordinates":[[[-47.951211,-22.007891],[-47.951218,-22.007967],[-47.951204,-22.008016],[-47.951212,-22.008066],[-47.951242,-22.008163],[-47.95127,-22.008218],[-47.951369,-22.008305],[-47.951416,-22.008334],[-47.951473,-22.00836],[-47.951519,-22.008321],[-47.951516,-22.008241],[-47.951503,-22.008127],[-47.951479,-22.00806],[-47.951451,-22.007967],[-47.951426,-22.007908],[-47.951372,-22.007834],[-47.951358,-22.007813],[-47.951211,-22.007891]]]}},{"type":"Feature","properties":{"class":"stream"},"geometry":{"type":"LineString","coordinates":[[-47.939705,-22.015721],[-47.939699,-22.015939]]}},{"type":"Feature","properties":{"class":"stream"},"geometry":{"type":"LineString","coordinates":[[-47.940726,-22.010733],[-47.940551,-22.010997],[-47.940406,-22.011288],[-47.940327,-22.011495],[-47.940267,-22.011741],[-47.940206,-22.012015],[-47.940122,-22.012681],[-47.939947,-22.014092],[-47.93988,-22.014394],[-47.939766,-22.014747],[-47.939699,-22.0152],[-47.939705,-22.015721]]}},{"type":"Feature","properties":{"class":"water"},"geometry":{"type":"Polygon","coordinates":[[[-47.939748,-22.020243],[-47.939797,-22.020164],[-47.939795,-22.020118],[-47.939783,-22.020059],[-47.939748,-22.020019],[-47.939717,-22.020011],[-47.939669,-22.020017],[-47.939644,-22.020036],[-47.939634,-22.020109],[-47.939628,-22.020212],[-47.939649,-22.020279],[-47.939686,-22.020304],[-47.939748,-22.020243]]]}},{"type":"Feature","properties":{"class":"water"},"geometry":{"type":"Polygon","coordinates":[[[-47.939994,-22.022513],[-47.939994,-22.022448],[-47.939962,-22.022376],[-47.939897,-22.022291],[-47.939857,-22.022186],[-47.939808,-22.022171],[-47.939744,-22.022211],[-47.939722,-22.022288],[-47.939733,-22.022381],[-47.939784,-22.022476],[-47.939838,-22.022543],[-47.939897,-22.022561],[-47.939957,-22.022561],[-47.939994,-22.022513]]]}},{"type":"Feature","properties":{"class":"stream"},"geometry":{"type":"LineString","coordinates":[[-47.939699,-22.015939],[-47.939681,-22.016566],[-47.939675,-22.017053],[-47.939651,-22.017327],[-47.939705,-22.017635],[-47.939808,-22.018033],[-47.939868,-22.01829],[-47.939874,-22.018548],[-47.940031,-22.019404],[-47.940098,-22.019499],[-47.940194,-22.019645],[-47.940279,-22.019841],[-47.940345,-22.020025],[-47.940388,-22.020356],[-47.940454,-22.020635],[-47.940526,-22.020814],[-47.940545,-22.021061],[-47.940593,-22.021195],[-47.94069,-22.021335],[-47.940798,-22.02143],[-47.940828,-22.021525],[-47.94081,-22.021688],[-47.940774,-22.021844],[-47.940834,-22.021956],[-47.940931,-22.022074],[-47.940949,-22.022135],[-47.941034,-22.022354],[-47.941088,-22.022538],[-47.941148,-22.022723],[-47.941269,-22.022874],[-47.941432,-22.022975],[-47.941535,-22.023137],[-47.941583,-22.023395],[-47.941577,-22.023591],[-47.941583,-22.02382],[-47.941656,-22.024106],[-47.941746,-22.024313],[-47.941825,-22.02452],[-47.941909,-22.024705],[-47.941927,-22.024878],[-47.941927,-22.025203],[-47.941957,-22.025315],[-47.942048,-22.025359],[-47.942175,-22.025421],[-47.942223,-22.025555],[-47.942145,-22.025701],[-47.942066,-22.026037],[-47.941957,-22.026294],[-47.941565,-22.027122],[-47.941474,-22.02729],[-47.94139,-22.02738],[-47.941274,-22.027452],[-47.941235,-22.027534],[-47.941131,-22.027677],[-47.94115,-22.027767],[-47.941224,-22.028018],[-47.94122,-22.028071],[-47.941139,-22.028107],[-47.941,-22.028125],[-47.94088,-22.028154],[-47.940806,-22.028215],[-47.940733,-22.028304],[-47.940698,-22.028422],[-47.940656,-22.028548],[-47.940646,-22.028605],[-47.940633,-22.028691],[-47.94064,-22.028874],[-47.940617,-22.029056],[-47.940598,-22.029192],[-47.940571,-22.029422],[-47.940582,-22.02959],[-47.940752,-22.029687],[-47.940853,-22.02974],[-47.940976,-22.029837],[-47.941162,-22.029955],[-47.941265,-22.030204]]}},{"type":"Feature","properties":{"class":"stream"},"geometry":{"type":"LineString","coordinates":[[-47.929306,-22.022354],[-47.928018,-22.022822],[-47.927732,-22.023042]]}},{"type":"Feature","properties":{"class":"stream"},"geometry":{"type":"LineString","coordinates":[[-47.927863,-22.020211],[-47.927887,-22.020407],[-47.927789,-22.020722],[-47.927502,-22.021659],[-47.927487,-22.02231],[-47.927399,-22.02281]]}},{"type":"Feature","properties":{"class":"stream"},"geometry":{"type":"LineString","coordinates":[[-47.927851,-22.020121],[-47.927863,-22.020211]]}},{"type":"Feature","properties":{"class":"stream"},"geometry":{"type":"LineString","coordinates":[[-47.928694,-22.014668],[-47.928355,-22.015607],[-47.928151,-22.016845],[-47.928144,-22.018385],[-47.928068,-22.019028],[-47.927842,-22.019546],[-47.927819,-22.019861],[-47.927851,-22.020121]]}},{"type":"Feature","properties":{"class":"stream"},"geometry":{"type":"LineString","coordinates":[[-47.929947,-22.011178],[-47.929502,-22.011843],[-47.929147,-22.012514],[-47.928744,-22.014455]]}},{"type":"Feature","properties":{"class":"stream"},"geometry":{"type":"LineString","coordinates":[[-47.928744,-22.014455],[-47.928694,-22.014668]]}},{"type":"Feature","properties":{"class":"stream"},"geometry":{"type":"LineString","coordinates":[[-47.918506,-22.033127],[-47.918978,-22.033564],[-47.919514,-22.03424],[-47.919836,-22.034917],[-47.920008,-22.035474],[-47.920115,-22.03609],[-47.920072,-22.036508],[-47.920008,-22.036833]]}},{"type":"Feature","properties":{"class":"river","name":"Rio do Monjolinho"},"geometry":{"type":"LineString","coordinates":[[-47.913926,-22.02205],[-47.914214,-22.022397],[-47.914503,-22.022733],[-47.914757,-22.023055],[-47.914838,-22.023426],[-47.914955,-22.023434],[-47.915243,-22.023482],[-47.915466,-22.02351],[-47.915739,-22.023606],[-47.91595,-22.023679],[-47.91617,-22.023766],[-47.916369,-22.023928],[-47.916427,-22.024025],[-47.916474,-22.024129],[-47.916502,-22.024267],[-47.916557,-22.024368],[-47.916634,-22.024445],[-47.916733,-22.024495],[-47.916915,-22.024524],[-47.917176,-22.024454],[-47.917384,-22.024381],[-47.91756,-22.024247],[-47.917711,-22.024009],[-47.917938,-22.023835],[-47.918081,-22.023762],[-47.918227,-22.023702],[-47.918344,-22.023707],[-47.91845,-22.023735],[-47.918571,-22.023799],[-47.918691,-22.023846],[-47.918787,-22.023871],[-47.918875,-22.023882],[-47.919089,-22.023809],[-47.919352,-22.023668],[-47.919626,-22.023463],[-47.920091,-22.023208],[-47.920297,-22.023081],[-47.920717,-22.022957],[-47.921132,-22.022933],[-47.921333,-22.022873],[-47.921628,-22.022847],[-47.921981,-22.022826],[-47.922182,-22.022827],[-47.922363,-22.02282],[-47.922555,-22.022801],[-47.922722,-22.022818],[-47.922859,-22.022836],[-47.922924,-22.022887],[-47.922998,-22.023035],[-47.922978,-22.023212],[-47.922891,-22.02332],[-47.922732,-22.023386],[-47.922618,-22.02349],[-47.922539,-22.023594],[-47.922573,-22.023756],[-47.922749,-22.023901],[-47.923042,-22.023943],[-47.923214,-22.023905],[-47.923607,-22.023721],[-47.923923,-22.023519],[-47.924011,-22.023424],[-47.924129,-22.023328],[-47.924179,-22.023261],[-47.924419,-22.023099],[-47.924682,-22.022933],[-47.92493,-22.022646],[-47.925166,-22.022346],[-47.925354,-22.022312],[-47.925546,-22.022324],[-47.925955,-22.022356],[-47.926348,-22.022431],[-47.926611,-22.022551],[-47.926928,-22.022611],[-47.927278,-22.022738],[-47.927399,-22.02281],[-47.927503,-22.022872],[-47.927732,-22.023042],[-47.92793,-22.023254],[-47.927972,-22.023477],[-47.927972,-22.023643],[-47.927916,-22.023753],[-47.927828,-22.02386],[-47.927679,-22.023965],[-47.927581,-22.024038],[-47.927524,-22.024148],[-47.927519,-22.024253],[-47.927557,-22.024403],[-47.927675,-22.024735],[-47.927788,-22.025262],[-47.927833,-22.025519],[-47.927887,-22.025783],[-47.927942,-22.026092],[-47.928012,-22.026453],[-47.928055,-22.026724],[-47.928146,-22.027136],[-47.928264,-22.027619],[-47.928372,-22.027955],[-47.928462,-22.028153],[-47.928586,-22.028363],[-47.92878,-22.028627],[-47.929324,-22.029089],[-47.929516,-22.029206],[-47.929675,-22.029369],[-47.930047,-22.029439],[-47.930222,-22.029526],[-47.93027,-22.029617],[-47.930307,-22.029757],[-47.930418,-22.029816],[-47.930528,-22.029858],[-47.930662,-22.029909],[-47.931019,-22.029901],[-47.931213,-22.02987],[-47.93135,-22.029843],[-47.931555,-22.029813],[-47.931696,-22.029843],[-47.931879,-22.029935],[-47.931981,-22.030024],[-47.93215,-22.030164],[-47.93242,-22.030084],[-47.932644,-22.030106],[-47.932793,-22.030137],[-47.932927,-22.030174],[-47.933004,-22.030242],[-47.932997,-22.030319],[-47.93304,-22.03044],[-47.93312,-22.030568],[-47.933199,-22.030683],[-47.933305,-22.030784],[-47.933459,-22.030779],[-47.933685,-22.030749],[-47.934068,-22.030583],[-47.934294,-22.030468],[-47.934471,-22.030354],[-47.934616,-22.030234],[-47.934878,-22.030128],[-47.935125,-22.030103],[-47.935418,-22.030157],[-47.935603,-22.03016],[-47.935753,-22.03013],[-47.936144,-22.029996],[-47.936507,-22.029869],[-47.936684,-22.029774],[-47.936794,-22.029725],[-47.936898,-22.02969],[-47.937053,-22.029638],[-47.93721,-22.029611],[-47.937346,-22.029633],[-47.937483,-22.029708],[-47.937594,-22.02979],[-47.937672,-22.029934],[-47.937748,-22.030093],[-47.937812,-22.030144],[-47.937923,-22.030263],[-47.937991,-22.030486],[-47.93799,-22.030714],[-47.93803,-22.030839],[-47.938204,-22.030946],[-47.938438,-22.03096],[-47.938695,-22.030896],[-47.938813,-22.03084],[-47.938934,-22.030779],[-47.939148,-22.03065],[-47.939317,-22.030486],[-47.939403,-22.030307],[-47.939665,-22.030128],[-47.939928,-22.030071],[-47.940288,-22.030301],[-47.940338,-22.030633],[-47.940375,-22.030805],[-47.940422,-22.030949],[-47.940599,-22.031155],[-47.940782,-22.031216],[-47.940989,-22.031156],[-47.940914,-22.030787],[-47.941014,-22.030473],[-47.941056,-22.030366],[-47.941127,-22.030289],[-47.941265,-22.030204],[-47.941355,-22.030162],[-47.94149,-22.030114],[-47.941626,-22.030054],[-47.941693,-22.030101],[-47.94173,-22.030154],[-47.941795,-22.030363],[-47.942002,-22.030642]]}},{"type":"Feature","properties":{"class":"stream"},"geometry":{"type":"LineString","coordinates":[[-47.930401,-22.031383],[-47.930649,-22.030978],[-47.930743,-22.03073],[-47.930825,-22.030611],[-47.930948,-22.030525],[-47.931088,-22.030471],[-47.93126,-22.030394],[-47.931434,-22.030324],[-47.931549,-22.030309],[-47.931648,-22.030325],[-47.931734,-22.030365],[-47.931805,-22.030427],[-47.931875,-22.030457],[-47.931938,-22.030422],[-47.931983,-22.030335],[-47.931987,-22.030192],[-47.931981,-22.030024]]}},{"type":"Feature","properties":{"class":"stream"},"geometry":{"type":"LineString","coordinates":[[-47.933402,-22.025755],[-47.933273,-22.026003],[-47.933198,-22.026272],[-47.93337,-22.02659],[-47.933702,-22.026909],[-47.93411,-22.027098],[-47.934324,-22.027475],[-47.9344,-22.027834],[-47.9344,-22.028142],[-47.93455,-22.028311],[-47.934732,-22.028361]]}},{"type":"Feature","properties":{"class":"stream"},"geometry":{"type":"LineString","coordinates":[[-47.930231,-22.031559],[-47.930401,-22.031383]]}},{"type":"Feature","properties":{"class":"stream","name":"Córrego da Água Quente"},"geometry":{"type":"LineString","coordinates":[[-47.915593,-22.04687],[-47.915709,-22.046764],[-47.915795,-22.046683],[-47.915933,-22.046631],[-47.916108,-22.046574],[-47.916246,-22.046529],[-47.91643,-22.046471],[-47.916652,-22.046408],[-47.916796,-22.046352],[-47.916927,-22.046298],[-47.917086,-22.046221],[-47.917175,-22.046194],[-47.91724,-22.046196],[-47.917369,-22.046236],[-47.917499,-22.046238],[-47.917647,-22.046208],[-47.917705,-22.046192],[-47.91784,-22.046092],[-47.918033,-22.046047],[-47.918206,-22.045962],[-47.918245,-22.045868],[-47.918175,-22.045704],[-47.917876,-22.045585],[-47.917857,-22.045465],[-47.917818,-22.045341],[-47.917788,-22.045193],[-47.917781,-22.045083],[-47.917795,-22.045003],[-47.917857,-22.044944],[-47.917943,-22.044919],[-47.918054,-22.044916],[-47.918165,-22.044911],[-47.918245,-22.044869],[-47.918293,-22.044773],[-47.918515,-22.044361],[-47.918611,-22.044259],[-47.918707,-22.044202],[-47.91883,-22.044181],[-47.919029,-22.044199],[-47.919207,-22.044255],[-47.919425,-22.044396],[-47.919508,-22.044425],[-47.919642,-22.044456],[-47.919731,-22.04445],[-47.919805,-22.044421],[-47.919851,-22.044317],[-47.91984,-22.044205],[-47.919814,-22.044073],[-47.919861,-22.043906],[-47.919874,-22.043738],[-47.919847,-22.04359],[-47.919866,-22.043474],[-47.919854,-22.043349],[-47.919838,-22.043248],[-47.919822,-22.043179],[-47.91987,-22.043104],[-47.919934,-22.043009],[-47.920021,-22.042942],[-47.920128,-22.042891],[-47.920248,-22.042869],[-47.920378,-22.042847],[-47.920488,-22.042795],[-47.920563,-22.042748],[-47.920607,-22.042695],[-47.920621,-22.042625],[-47.920596,-22.042553],[-47.920512,-22.042523],[-47.920435,-22.042483],[-47.920387,-22.042422],[-47.920376,-22.042359],[-47.920412,-22.042274],[-47.920454,-22.042234],[-47.920537,-22.042212],[-47.920578,-22.042167],[-47.920644,-22.042067],[-47.920699,-22.041975],[-47.920753,-22.041928],[-47.920793,-22.041897],[-47.920858,-22.041896],[-47.921001,-22.041942],[-47.92111,-22.041988],[-47.921185,-22.041987],[-47.92129,-22.041973],[-47.921369,-22.041972],[-47.921445,-22.04198],[-47.921508,-22.041987],[-47.921626,-22.041991],[-47.921744,-22.041975],[-47.921811,-22.041909],[-47.921865,-22.041771],[-47.921947,-22.041545],[-47.92199,-22.041452],[-47.922033,-22.041353],[-47.922034,-22.041275],[-47.922032,-22.041197],[-47.922,-22.041125],[-47.921906,-22.04104],[-47.921766,-22.040878],[-47.921712,-22.040785],[-47.921685,-22.040722],[-47.921689,-22.040671],[-47.921721,-22.040639],[-47.921787,-22.040627],[-47.921825,-22.040604],[-47.921849,-22.04057],[-47.921881,-22.040568],[-47.921924,-22.04058],[-47.921945,-22.040539],[-47.921959,-22.040499],[-47.921998,-22.040473],[-47.922057,-22.040433],[-47.922144,-22.040357],[-47.922217,-22.040314],[-47.92229,-22.040262],[-47.922325,-22.040204],[-47.922353,-22.040111],[-47.922409,-22.040037],[-47.922446,-22.039986],[-47.922492,-22.039911],[-47.922573,-22.039831],[-47.92267,-22.039791],[-47.922719,-22.039746],[-47.922785,-22.03969],[-47.922831,-22.039604],[-47.922827,-22.039528],[-47.922802,-22.039455],[-47.92277,-22.039412],[-47.922736,-22.039354],[-47.92275,-22.039318],[-47.922789,-22.039296],[-47.922914,-22.039249],[-47.922986,-22.039225],[-47.923059,-22.039191],[-47.923116,-22.039153],[-47.923165,-22.039146],[-47.92322,-22.039072],[-47.923233,-22.038991],[-47.923243,-22.038914],[-47.92326,-22.038826],[-47.923314,-22.03873],[-47.923342,-22.038691],[-47.923393,-22.038665],[-47.923422,-22.038588],[-47.923443,-22.038536],[-47.923492,-22.038504],[-47.923522,-22.038452],[-47.923538,-22.038409],[-47.923633,-22.038323],[-47.92377,-22.03821],[-47.923827,-22.038193],[-47.923933,-22.038184],[-47.924066,-22.038183],[-47.924133,-22.038196],[-47.924167,-22.038187],[-47.924223,-22.038138],[-47.924258,-22.038085],[-47.924328,-22.037953],[-47.924403,-22.037871],[-47.924426,-22.037788],[-47.924444,-22.03765],[-47.924513,-22.037575],[-47.924627,-22.037526],[-47.924726,-22.037441],[-47.924823,-22.037335],[-47.924922,-22.037207],[-47.925052,-22.037079],[-47.925166,-22.037031],[-47.925275,-22.036996],[-47.925364,-22.036997],[-47.925468,-22.036948],[-47.925516,-22.036879],[-47.925615,-22.036792],[-47.925702,-22.036704],[-47.925719,-22.036649],[-47.925778,-22.036614],[-47.925808,-22.036579],[-47.925838,-22.036456],[-47.925871,-22.036404],[-47.925867,-22.036299],[-47.925835,-22.036227],[-47.925789,-22.036172],[-47.925746,-22.036111],[-47.925752,-22.036063],[-47.925794,-22.035998],[-47.925855,-22.035925],[-47.925909,-22.035866],[-47.92597,-22.035789],[-47.926015,-22.035732],[-47.926074,-22.035708],[-47.926135,-22.035636],[-47.926195,-22.035604],[-47.92624,-22.035527],[-47.926295,-22.035508],[-47.926375,-22.035369],[-47.926502,-22.035184],[-47.926586,-22.035048],[-47.926656,-22.034936],[-47.92678,-22.034744],[-47.926871,-22.034641],[-47.926977,-22.034587],[-47.927068,-22.034574],[-47.927129,-22.034598],[-47.927148,-22.034663],[-47.927181,-22.034695],[-47.927233,-22.034713],[-47.927299,-22.034695],[-47.92737,-22.034607],[-47.927497,-22.03448],[-47.927554,-22.034425],[-47.927592,-22.034339],[-47.927571,-22.034215],[-47.927576,-22.034064],[-47.927622,-22.033913],[-47.927703,-22.033854],[-47.927984,-22.033747],[-47.928115,-22.03371],[-47.92816,-22.033695],[-47.928253,-22.033613],[-47.928292,-22.033545],[-47.928316,-22.033423],[-47.928374,-22.033304],[-47.928504,-22.033189],[-47.928566,-22.033127],[-47.928599,-22.033114],[-47.928627,-22.033052],[-47.928685,-22.032834],[-47.92876,-22.032708],[-47.928827,-22.03263],[-47.928888,-22.032542],[-47.928969,-22.032421],[-47.929045,-22.032357],[-47.929155,-22.032331],[-47.929229,-22.032333],[-47.929291,-22.032289],[-47.929328,-22.032207],[-47.929397,-22.032098],[-47.92951,-22.032051],[-47.929622,-22.032021],[-47.929755,-22.031991],[-47.929863,-22.031947],[-47.92998,-22.031844],[-47.930081,-22.031715],[-47.930165,-22.03164],[-47.930231,-22.031559]]}},{"type":"Feature","properties":{"class":"stream"},"geometry":{"type":"LineString","coordinates":[[-47.917504,-22.036646],[-47.91769,-22.036707],[-47.918077,-22.036528],[-47.918398,-22.036468],[-47.918699,-22.036568],[-47.919257,-22.036587],[-47.919879,-22.036747],[-47.920008,-22.036833],[-47.920265,-22.037005],[-47.920995,-22.037204],[-47.921682,-22.037582],[-47.922132,-22.037582],[-47.922497,-22.037701],[-47.922788,-22.037708],[-47.922961,-22.03769],[-47.923087,-22.037699],[-47.923157,-22.037723],[-47.923208,-22.037759],[-47.923232,-22.03781],[-47.923268,-22.037855],[-47.923296,-22.037872],[-47.923321,-22.037905],[-47.923324,-22.037943],[-47.923371,-22.037963],[-47.923441,-22.037954],[-47.923528,-22.037947],[-47.923581,-22.037956],[-47.923628,-22.038],[-47.923661,-22.038106],[-47.923698,-22.038173],[-47.92377,-22.03821]]}},{"type":"Feature","properties":{"class":"stream"},"geometry":{"type":"LineString","coordinates":[[-47.913649,-22.042242],[-47.913827,-22.042607],[-47.91428,-22.042836],[-47.914594,-22.043133],[-47.914642,-22.043301],[-47.914727,-22.043463],[-47.915023,-22.043659],[-47.91527,-22.043899],[-47.915361,-22.04409],[-47.915463,-22.044202],[-47.91562,-22.044347],[-47.915807,-22.044532],[-47.915892,-22.044716],[-47.915922,-22.044884],[-47.91594,-22.045041],[-47.915747,-22.045248],[-47.915602,-22.045399],[-47.915512,-22.045506],[-47.915475,-22.045612],[-47.915403,-22.045808],[-47.915324,-22.04602],[-47.915014,-22.046431]]}},{"type":"Feature","properties":{"class":"stream"},"geometry":{"type":"LineString","coordinates":[[-47.912734,-22.035155],[-47.913506,-22.035295],[-47.914021,-22.035573],[-47.914708,-22.035891],[-47.915073,-22.035991],[-47.915781,-22.036031],[-47.91651,-22.03619],[-47.917025,-22.036488],[-47.917353,-22.036598]]}},{"type":"Feature","properties":{"class":"stream"},"geometry":{"type":"LineString","coordinates":[[-47.917353,-22.036598],[-47.917504,-22.036646]]}},{"type":"Feature","properties":{"class":"stream","name":"Córrego do Medeiros"},"geometry":{"type":"LineString","coordinates":[[-47.905694,-22.031792],[-47.905906,-22.031677],[-47.906001,-22.031643],[-47.90598,-22.031589],[-47.906005,-22.031533],[-47.906037,-22.031481],[-47.906108,-22.031421],[-47.906253,-22.031356],[-47.906462,-22.031254],[-47.906539,-22.031202],[-47.906692,-22.031136],[-47.907095,-22.030965],[-47.908515,-22.030229],[-47.909119,-22.029903],[-47.909704,-22.029389],[-47.91029,-22.028749],[-47.911423,-22.02755],[-47.911818,-22.027093],[-47.912132,-22.02667],[-47.91262,-22.025935],[-47.913002,-22.025338],[-47.913073,-22.024983],[-47.913271,-22.024649],[-47.913796,-22.024294],[-47.914201,-22.024063],[-47.914284,-22.023945],[-47.914306,-22.023835],[-47.914398,-22.023749],[-47.914662,-22.023557],[-47.914838,-22.023426]]}},{"type":"Feature","properties":{"class":"pond"},"geometry":{"type":"Polygon","coordinates":[[[-47.90642,-22.031323],[-47.90647,-22.03142],[-47.906426,-22.031495],[-47.906346,-22.031512],[-47.906254,-22.031472],[-47.906149,-22.031443],[-47.906063,-22.031489],[-47.90602,-22.031569],[-47.906001,-22.031643],[-47.906081,-22.031666],[-47.906211,-22.031706],[-47.906291,-22.031689],[-47.906377,-22.03166],[-47.906476,-22.031517],[-47.906599,-22.031546],[-47.906587,-22.031232],[-47.90642,-22.031323]]]}},{"type":"Feature","properties":{"class":"stream"},"geometry":{"type":"LineString","coordinates":[[-47.901508,-22.040308],[-47.901442,-22.040639],[-47.901491,-22.040865],[-47.901508,-22.041182],[-47.90128,-22.041423],[-47.900841,-22.041755],[-47.900467,-22.041936],[-47.900288,-22.042117],[-47.900337,-22.042388],[-47.90032,-22.042719],[-47.900125,-22.042735],[-47.899784,-22.042825],[-47.89941,-22.043021],[-47.899067,-22.043295]]}},{"type":"Feature","properties":{"class":"stream"},"geometry":{"type":"LineString","coordinates":[[-47.897048,-22.039871],[-47.897171,-22.039919],[-47.897287,-22.039987],[-47.89733,-22.03999],[-47.897373,-22.039982],[-47.897402,-22.039966],[-47.897437,-22.039957],[-47.89765,-22.039969],[-47.897782,-22.040065],[-47.897955,-22.040253],[-47.898225,-22.040551],[-47.898283,-22.040764],[-47.898291,-22.040817],[-47.898309,-22.041063],[-47.898324,-22.041485],[-47.898288,-22.04183],[-47.898385,-22.042207],[-47.898564,-22.042659],[-47.898792,-22.043051],[-47.899067,-22.043295],[-47.89915,-22.043368],[-47.899182,-22.043639],[-47.899117,-22.043895],[-47.898743,-22.044031],[-47.898434,-22.044136],[-47.898155,-22.044256]]}},{"type":"Feature","properties":{"class":"stream","name":"Córrego Simeão"},"geometry":{"type":"LineString","coordinates":[[-47.891557,-22.031479],[-47.891816,-22.020424]]}},{"type":"Feature","properties":{"class":"stream","name":"Córrego do Gregório"},"geometry":{"type":"LineString","coordinates":[[-47.88487,-22.021131],[-47.885256,-22.021067],[-47.885551,-22.020979],[-47.885753,-22.0209],[-47.885921,-22.020851],[-47.886251,-22.020783],[-47.886634,-22.020794],[-47.886818,-22.02077],[-47.886931,-22.020728],[-47.887076,-22.02065],[-47.88724,-22.020562],[-47.887341,-22.020532],[-47.887449,-22.020512],[-47.887545,-22.02051],[-47.887738,-22.020508],[-47.888469,-22.020522],[-47.888725,-22.020527],[-47.889583,-22.020447],[-47.889841,-22.02043],[-47.890501,-22.020424]]}},{"type":"Feature","properties":{"class":"stream","name":"Córrego do Gregório"},"geometry":{"type":"LineString","coordinates":[[-47.890501,-22.020424],[-47.890612,-22.020426],[-47.891816,-22.020424],[-47.893149,-22.020459],[-47.893512,-22.019879],[-47.89372,-22.019707],[-47.894189,-22.018912],[-47.894245,-22.018836],[-47.894276,-22.018794],[-47.895754,-22.017791],[-47.896586,-22.017268],[-47.896956,-22.017087],[-47.897333,-22.017015]]}},{"type":"Feature","properties":{"class":"river","name":"Rio Monjolinho"},"geometry":{"type":"LineString","coordinates":[[-47.902439,-22.005309],[-47.902491,-22.00536],[-47.902717,-22.005566],[-47.902866,-22.005693],[-47.903012,-22.005778],[-47.90349,-22.006008],[-47.903805,-22.006145],[-47.904089,-22.006317],[-47.904395,-22.006496],[-47.904539,-22.006586],[-47.904643,-22.00669],[-47.9047,-22.006774],[-47.904733,-22.006862],[-47.904743,-22.006959],[-47.904725,-22.007066],[-47.904689,-22.007164],[-47.904629,-22.007244],[-47.90456,-22.007295],[-47.90383,-22.007609],[-47.903741,-22.007662],[-47.903661,-22.007744],[-47.903599,-22.007845],[-47.903566,-22.007934],[-47.90356,-22.008004],[-47.903565,-22.008086],[-47.903592,-22.008178],[-47.903619,-22.008249],[-47.903649,-22.008302],[-47.903723,-22.00839],[-47.903858,-22.008473],[-47.90406,-22.008592],[-47.904308,-22.008749],[-47.904465,-22.008842],[-47.905046,-22.009208],[-47.905298,-22.009409],[-47.905548,-22.009526],[-47.905681,-22.009634],[-47.906063,-22.009919],[-47.906131,-22.010021],[-47.906301,-22.010226],[-47.90633,-22.010303],[-47.906504,-22.010709],[-47.9067,-22.011237],[-47.907045,-22.01213],[-47.907179,-22.012412],[-47.907306,-22.012701],[-47.907391,-22.012894],[-47.9075,-22.013054],[-47.907649,-22.013235],[-47.907849,-22.013427],[-47.908541,-22.014134],[-47.908823,-22.014453],[-47.909116,-22.014769],[-47.909461,-22.015049],[-47.910142,-22.01546],[-47.910287,-22.015528],[-47.910607,-22.015735],[-47.910723,-22.015832],[-47.910826,-22.015925],[-47.910961,-22.016007],[-47.911183,-22.016124],[-47.911461,-22.016259],[-47.911895,-22.016584],[-47.911987,-22.016633],[-47.912104,-22.016695],[-47.912346,-22.016877],[-47.912451,-22.017017],[-47.912629,-22.017407],[-47.912847,-22.017855],[-47.912895,-22.017972],[-47.91297,-22.018263],[-47.913,-22.018362],[-47.913075,-22.018722],[-47.913143,-22.019146],[-47.913269,-22.019564],[-47.913328,-22.019849],[-47.913317,-22.020011],[-47.913345,-22.020141],[-47.913446,-22.020344],[-47.91352,-22.020659],[-47.913576,-22.020891],[-47.913638,-22.021135],[-47.913642,-22.02136]]}},{"type":"Feature","properties":{"class":"stream"},"geometry":{"type":"LineString","coordinates":[[-47.90589,-22.012403],[-47.905935,-22.012362],[-47.907045,-22.01213]]}},{"type":"Feature","properties":{"class":"stream"},"geometry":{"type":"LineString","coordinates":[[-47.905425,-22.012436],[-47.905595,-22.012442],[-47.905764,-22.012433],[-47.905862,-22.012422],[-47.90589,-22.012403]]}},{"type":"Feature","properties":{"class":"stream","name":"Córrego do Gregório"},"geometry":{"type":"LineString","coordinates":[[-47.897333,-22.017015],[-47.901516,-22.016578],[-47.9024,-22.016498],[-47.903093,-22.016438],[-47.903783,-22.016365],[-47.905135,-22.016243],[-47.905371,-22.016236],[-47.905617,-22.01625],[-47.905796,-22.016286],[-47.905877,-22.016312],[-47.906029,-22.016369],[-47.906142,-22.016422],[-47.906286,-22.016506],[-47.906401,-22.016603],[-47.906575,-22.016756],[-47.906607,-22.016789],[-47.906836,-22.017038],[-47.907254,-22.01748],[-47.907475,-22.017708],[-47.9078,-22.018031],[-47.908052,-22.018304],[-47.908279,-22.018493],[-47.90846,-22.018615],[-47.908684,-22.018726],[-47.908843,-22.018791],[-47.908915,-22.018817],[-47.90905,-22.018846],[-47.909259,-22.018878],[-47.909449,-22.018886],[-47.909668,-22.01887],[-47.909906,-22.018832],[-47.910223,-22.018722],[-47.910483,-22.018619],[-47.910773,-22.018415],[-47.910853,-22.018339],[-47.911178,-22.018029],[-47.911301,-22.017918],[-47.911497,-22.01779],[-47.911698,-22.01767],[-47.911987,-22.017511],[-47.912049,-22.01748],[-47.912138,-22.017464],[-47.912255,-22.017464],[-47.912333,-22.017498],[-47.912664,-22.0177],[-47.912847,-22.017855]]}},{"type":"Feature","properties":{"class":"stream","name":"Córrego do Mineirinho"},"geometry":{"type":"LineString","coordinates":[[-47.912506,-22.01662],[-47.912451,-22.017017]]}},{"type":"Feature","properties":{"class":"river","name":"Rio Monjolinho"},"geometry":{"type":"LineString","coordinates":[[-47.913642,-22.02136],[-47.913926,-22.02205]]}},{"type":"Feature","properties":{"class":"pond"},"geometry":{"type":"Polygon","coordinates":[[[-47.914003,-22.022177],[-47.913971,-22.022131],[-47.913971,-22.022076],[-47.913936,-22.022021],[-47.913877,-22.022029],[-47.913861,-22.02205],[-47.913847,-22.022075],[-47.913826,-22.022096],[-47.913833,-22.02211],[-47.913851,-22.022125],[-47.913845,-22.022133],[-47.913864,-22.022151],[-47.913861,-22.022163],[-47.913877,-22.022183],[-47.913915,-22.022181],[-47.913959,-22.02221],[-47.914003,-22.022177]]]}},{"type":"Feature","properties":{"class":"pond"},"geometry":{"type":"Polygon","coordinates":[[[-47.91452,-22.022714],[-47.914583,-22.022688],[-47.914649,-22.022617],[-47.914449,-22.022533],[-47.91444,-22.022513],[-47.914427,-22.022508],[-47.914409,-22.022484],[-47.91432,-22.022405],[-47.914284,-22.022355],[-47.914169,-22.022273],[-47.914166,-22.022225],[-47.914101,-22.022207],[-47.914045,-22.022241],[-47.914079,-22.022304],[-47.914112,-22.022318],[-47.914119,-22.022347],[-47.91417,-22.022373],[-47.914187,-22.0224],[-47.914206,-22.022414],[-47.914212,-22.022427],[-47.914226,-22.022433],[-47.914243,-22.022463],[-47.914264,-22.022471],[-47.914267,-22.022493],[-47.914303,-22.022518],[-47.914309,-22.022537],[-47.914327,-22.022547],[-47.914334,-22.02256],[-47.914357,-22.022583],[-47.91436,-22.0226],[-47.914367,-22.022625],[-47.914354,-22.02264],[-47.914372,-22.022654],[-47.91438,-22.022676],[-47.91438,-22.022687],[-47.91438,-22.022702],[-47.914372,-22.022713],[-47.91439,-22.022719],[-47.914403,-22.022728],[-47.914424,-22.022746],[-47.914433,-22.022772],[-47.914448,-22.02279],[-47.91452,-22.022714]]]}},{"type":"Feature","properties":{"class":"stream","name":"Córrego do Mineirinho"},"geometry":{"type":"LineString","coordinates":[[-47.915186,-22.014992],[-47.914852,-22.015152]]}},{"type":"Feature","properties":{"class":"stream","name":"Córrego do Mineirinho"},"geometry":{"type":"LineString","coordinates":[[-47.915857,-22.014697],[-47.915665,-22.014816]]}},{"type":"Feature","properties":{"class":"stream","name":"Córrego do Mineirinho"},"geometry":{"type":"LineString","coordinates":[[-47.915665,-22.014816],[-47.915186,-22.014992]]}},{"type":"Feature","properties":{"class":"stream","name":"Córrego do Mineirinho"},"geometry":{"type":"LineString","coordinates":[[-47.914852,-22.015152],[-47.914731,-22.015155],[-47.914638,-22.015165],[-47.914567,-22.015196],[-47.914374,-22.015276],[-47.91436,-22.015312],[-47.91434,-22.015354],[-47.914293,-22.015369],[-47.91425,-22.015396],[-47.914216,-22.015437],[-47.91419,-22.015455],[-47.914152,-22.01547],[-47.914121,-22.015493],[-47.914088,-22.015555],[-47.914058,-22.015618],[-47.914029,-22.015659],[-47.913985,-22.015664],[-47.913922,-22.015673],[-47.913824,-22.015718],[-47.913671,-22.015814],[-47.913618,-22.015916],[-47.913525,-22.016001],[-47.913477,-22.016052],[-47.913399,-22.016063],[-47.913352,-22.016087],[-47.91329,-22.01612],[-47.913229,-22.016119],[-47.91316,-22.016106],[-47.913092,-22.016126],[-47.913011,-22.016126],[-47.912935,-22.016155],[-47.912822,-22.016207],[-47.912506,-22.01662]]}},{"type":"Feature","properties":{"class":"stream","name":"Córrego Paraíso"},"geometry":{"type":"LineString","coordinates":[[-47.911814,-22.003535],[-47.911484,-22.003789],[-47.911229,-22.00385],[-47.910843,-22.004009],[-47.910192,-22.004226],[-47.909758,-22.004227],[-47.908739,-22.00469],[-47.908326,-22.004863],[-47.908079,-22.004856],[-47.907777,-22.004926],[-47.90746,-22.005069],[-47.906928,-22.005179],[-47.906588,-22.005407],[-47.906305,-22.005739],[-47.906092,-22.005896],[-47.905827,-22.005954],[-47.905414,-22.006146],[-47.90492,-22.006256]]}},{"type":"Feature","properties":{"class":"pond"},"geometry":{"type":"Polygon","coordinates":[[[-47.905111,-22.006548],[-47.905052,-22.006645],[-47.904954,-22.006745],[-47.904948,-22.006813],[-47.905,-22.006907],[-47.905009,-22.007012],[-47.905025,-22.007118],[-47.905056,-22.007212],[-47.905129,-22.007212],[-47.905185,-22.007274],[-47.905249,-22.007297],[-47.905363,-22.0073],[-47.905455,-22.007246],[-47.905449,-22.007163],[-47.905424,-22.007084],[-47.90543,-22.006964],[-47.905452,-22.006896],[-47.905412,-22.006853],[-47.905418,-22.006739],[-47.905421,-22.006622],[-47.905378,-22.006542],[-47.905283,-22.006468],[-47.905111,-22.006548]]]}},{"type":"Feature","properties":{"class":"stream"},"geometry":{"type":"LineString","coordinates":[[-47.90492,-22.006256],[-47.904395,-22.006496]]}},{"type":"Feature","properties":{"class":"water"},"geometry":{"type":"Polygon","coordinates":[[[-47.907059,-21.991512],[-47.906929,-21.991477],[-47.90683,-21.991434],[-47.906745,-21.991395],[-47.906692,-21.991368],[-47.906644,-21.991383],[-47.906621,-21.991417],[-47.906595,-21.991513],[-47.90659,-21.991617],[-47.906616,-21.991641],[-47.906726,-21.99164],[-47.906847,-21.991655],[-47.906904,-21.991687],[-47.906977,-21.991704],[-47.907149,-21.99174],[-47.907199,-21.991707],[-47.907239,-21.991678],[-47.907232,-21.991619],[-47.907179,-21.991583],[-47.907158,-21.991528],[-47.907059,-21.991512]]]}},{"type":"Feature","properties":{"class":"stream"},"geometry":{"type":"LineString","coordinates":[[-47.909077,-21.992032],[-47.908311,-21.991799],[-47.905807,-21.99137],[-47.904916,-21.991228]]}},{"type":"Feature","properties":{"class":"stream"},"geometry":{"type":"LineString","coordinates":[[-47.90925,-21.992121],[-47.909077,-21.992032]]}},{"type":"Feature","properties":{"class":"stream"},"geometry":{"type":"LineString","coordinates":[[-47.913825,-21.995188],[-47.913764,-21.994913],[-47.913505,-21.994454],[-47.911277,-21.99306],[-47.90925,-21.992121]]}},{"type":"Feature","properties":{"class":"stream"},"geometry":{"type":"LineString","coordinates":[[-47.919774,-21.986945],[-47.919585,-21.986602],[-47.919396,-21.986259],[-47.919253,-21.985909],[-47.918853,-21.985069],[-47.918483,-21.984236],[-47.918362,-21.983935],[-47.918174,-21.983579],[-47.91803,-21.983243],[-47.917879,-21.982886],[-47.917744,-21.982564],[-47.917593,-21.98227],[-47.917374,-21.98192],[-47.917185,-21.981619]]}},{"type":"Feature","properties":{"class":"stream"},"geometry":{"type":"LineString","coordinates":[[-47.916891,-21.980877],[-47.916725,-21.980632],[-47.916581,-21.980296],[-47.916415,-21.979939],[-47.916264,-21.979568],[-47.916242,-21.979197],[-47.916317,-21.978869],[-47.916303,-21.978498]]}},{"type":"Feature","properties":{"class":"stream"},"geometry":{"type":"LineString","coordinates":[[-47.917185,-21.981619],[-47.916891,-21.980877]]}},{"type":"Feature","properties":{"class":"water"},"geometry":{"type":"Polygon","coordinates":[[[-47.916986,-21.973464],[-47.91699,-21.973315],[-47.917059,-21.973173],[-47.917062,-21.973092],[-47.916944,-21.973127],[-47.916787,-21.973113],[-47.916791,-21.972968],[-47.916749,-21.972875],[-47.916687,-21.972939],[-47.91655,-21.973063],[-47.916466,-21.973205],[-47.916328,-21.973471],[-47.916913,-21.973599],[-47.916986,-21.973464]]]}},{"type":"Feature","properties":{"class":"stream","name":"Córrego Santa Maria Madalena"},"geometry":{"type":"LineString","coordinates":[[-47.923145,-21.967903],[-47.92173,-21.968516],[-47.921152,-21.968647],[-47.920515,-21.968877],[-47.919232,-21.97004],[-47.919061,-21.97012],[-47.918727,-21.970244],[-47.918565,-21.970368],[-47.918317,-21.97058],[-47.918097,-21.970987],[-47.917878,-21.97135],[-47.917706,-21.971739],[-47.917458,-21.972057],[-47.917191,-21.972482],[-47.916781,-21.973304],[-47.916562,-21.973694],[-47.916381,-21.974021],[-47.916037,-21.974658],[-47.915875,-21.975135],[-47.915722,-21.975604],[-47.915522,-21.976259],[-47.915312,-21.976754],[-47.915102,-21.977293],[-47.914921,-21.977753],[-47.914673,-21.978081],[-47.914523,-21.978204],[-47.914177,-21.978488],[-47.913634,-21.978762],[-47.913319,-21.97893],[-47.912603,-21.979239],[-47.91205,-21.97954],[-47.911831,-21.979602],[-47.911631,-21.97962],[-47.911182,-21.979655],[-47.910868,-21.979743],[-47.910391,-21.979876],[-47.910009,-21.980018],[-47.909589,-21.980221],[-47.909055,-21.980474],[-47.9087,-21.980788],[-47.908474,-21.981132],[-47.907958,-21.981689],[-47.90762,-21.982039],[-47.907205,-21.982475],[-47.906546,-21.983273],[-47.906271,-21.983602],[-47.90599,-21.983981],[-47.905697,-21.984354]]}},{"type":"Feature","properties":{"class":"stream","name":"Córrego Santa Maria do Leme"},"geometry":{"type":"LineString","coordinates":[[-47.905053,-21.970112],[-47.905443,-21.970651],[-47.905755,-21.971266],[-47.906037,-21.972389],[-47.906091,-21.973057],[-47.906126,-21.97319],[-47.906747,-21.974799],[-47.907691,-21.977503],[-47.90854,-21.979698],[-47.9087,-21.980788]]}},{"type":"Feature","properties":{"class":"pond","name":"Lago residencial village dahma 1"},"geometry":{"type":"Polygon","coordinates":[[[-47.904763,-21.974344],[-47.904729,-21.97443],[-47.904766,-21.974462],[-47.904846,-21.974453],[-47.904917,-21.974416],[-47.904849,-21.97429],[-47.904763,-21.974344]]]}},{"type":"Feature","properties":{"class":"stream"},"geometry":{"type":"LineString","coordinates":[[-47.905697,-21.984354],[-47.905291,-21.985172]]}},{"type":"Feature","properties":{"class":"stream"},"geometry":{"type":"LineString","coordinates":[[-47.896783,-21.987199],[-47.896379,-21.988126]]}},{"type":"Feature","properties":{"class":"stream"},"geometry":{"type":"LineString","coordinates":[[-47.897913,-21.982762],[-47.897836,-21.9833],[-47.897783,-21.983668],[-47.897646,-21.984142],[-47.897524,-21.984552],[-47.897401,-21.98492],[-47.897226,-21.985345],[-47.897096,-21.985868],[-47.897028,-21.986258],[-47.896905,-21.986767],[-47.896783,-21.987199]]}},{"type":"Feature","properties":{"class":"pond","name":"Lagoa de entrada residencial village dahma 1"},"geometry":{"type":"Polygon","coordinates":[[[-47.899684,-21.975432],[-47.899689,-21.975402],[-47.899604,-21.975355],[-47.899569,-21.975336],[-47.899586,-21.975309],[-47.899608,-21.975272],[-47.899605,-21.975244],[-47.89958,-21.975228],[-47.89955,-21.975231],[-47.899518,-21.975258],[-47.899491,-21.975304],[-47.899485,-21.975343],[-47.899511,-21.975375],[-47.899553,-21.975395],[-47.899561,-21.975421],[-47.899559,-21.975433],[-47.899558,-21.975448],[-47.899576,-21.975458],[-47.899573,-21.975469],[-47.8996,-21.975478],[-47.899624,-21.975487],[-47.899649,-21.975479],[-47.899673,-21.975466],[-47.899684,-21.975432]]]}},{"type":"Feature","properties":{"class":"pond","name":"Bacia natural"},"geometry":{"type":"Polygon","coordinates":[[[-47.902267,-21.97409],[-47.902145,-21.974073],[-47.902096,-21.974432],[-47.902231,-21.97445],[-47.902267,-21.97409]]]}},{"type":"Feature","properties":{"class":"pond"},"geometry":{"type":"Polygon","coordinates":[[[-47.901747,-21.972334],[-47.90174,-21.972317],[-47.901721,-21.97231],[-47.901692,-21.972295],[-47.901657,-21.97228],[-47.901642,-21.972264],[-47.901628,-21.972245],[-47.901623,-21.972234],[-47.901609,-21.972228],[-47.901591,-21.972224],[-47.901581,-21.972234],[-47.90156,-21.97226],[-47.901551,-21.972282],[-47.901548,-21.972304],[-47.90155,-21.972319],[-47.901556,-21.972331],[-47.901564,-21.972339],[-47.901584,-21.972338],[-47.901598,-21.972341],[-47.901606,-21.97235],[-47.901618,-21.972361],[-47.901633,-21.972376],[-47.901638,-21.972387],[-47.901652,-21.972396],[-47.901677,-21.972401],[-47.901692,-21.9724],[-47.901713,-21.972395],[-47.901724,-21.972385],[-47.901736,-21.972374],[-47.901746,-21.972354],[-47.901747,-21.972334]]]}},{"type":"Feature","properties":{"class":"water"},"geometry":{"type":"Polygon","coordinates":[[[-47.897698,-21.973504],[-47.897704,-21.973454],[-47.897692,-21.973406],[-47.897664,-21.973364],[-47.897608,-21.973323],[-47.897591,-21.973318],[-47.897574,-21.973319],[-47.897557,-21.973325],[-47.897544,-21.973336],[-47.897535,-21.97335],[-47.897533,-21.973358],[-47.897532,-21.973375],[-47.897538,-21.97339],[-47.897548,-21.973403],[-47.897555,-21.973408],[-47.897596,-21.973428],[-47.897611,-21.973439],[-47.897632,-21.973468],[-47.897642,-21.973501],[-47.89764,-21.973536],[-47.897626,-21.973568],[-47.897556,-21.973636],[-47.897525,-21.973671],[-47.897513,-21.973694],[-47.897509,-21.97372],[-47.897514,-21.973746],[-47.897528,-21.973769],[-47.897549,-21.973787],[-47.897575,-21.973798],[-47.897604,-21.9738],[-47.897632,-21.973794],[-47.897654,-21.973777],[-47.897669,-21.973755],[-47.897675,-21.973729],[-47.897671,-21.973703],[-47.897657,-21.973679],[-47.897647,-21.973638],[-47.89765,-21.973595],[-47.897675,-21.973549],[-47.897698,-21.973504]]]}},{"type":"Feature","properties":{"class":"water"},"geometry":{"type":"Polygon","coordinates":[[[-47.893433,-21.970644],[-47.893416,-21.970613],[-47.89339,-21.970588],[-47.893356,-21.970572],[-47.893337,-21.970568],[-47.8933,-21.970568],[-47.893287,-21.970574],[-47.893266,-21.970591],[-47.893251,-21.970614],[-47.893246,-21.970639],[-47.893249,-21.970665],[-47.893262,-21.970689],[-47.893281,-21.970707],[-47.893301,-21.970719],[-47.893346,-21.970732],[-47.89336,-21.970733],[-47.893388,-21.97074],[-47.893411,-21.970755],[-47.893429,-21.970776],[-47.893478,-21.970921],[-47.893478,-21.970966],[-47.893463,-21.971008],[-47.893416,-21.971067],[-47.893407,-21.971095],[-47.893408,-21.971123],[-47.893417,-21.971153],[-47.893428,-21.971166],[-47.893443,-21.971175],[-47.893451,-21.971178],[-47.893469,-21.971179],[-47.893486,-21.971175],[-47.893501,-21.971166],[-47.893523,-21.971142],[-47.893545,-21.971102],[-47.893553,-21.971058],[-47.893546,-21.971013],[-47.893526,-21.970972],[-47.893433,-21.970644]]]}},{"type":"Feature","properties":{"class":"water"},"geometry":{"type":"Polygon","coordinates":[[[-47.887854,-21.971194],[-47.887818,-21.971044],[-47.887722,-21.970893],[-47.887656,-21.970721],[-47.887662,-21.970593],[-47.887608,-21.970487],[-47.887614,-21.970365],[-47.88762,-21.970248],[-47.88759,-21.97017],[-47.887518,-21.970059],[-47.887482,-21.969981],[-47.88747,-21.969825],[-47.887386,-21.969754],[-47.887358,-21.969638],[-47.88733,-21.969609],[-47.887302,-21.969582],[-47.887271,-21.969624],[-47.887218,-21.969605],[-47.887168,-21.969701],[-47.88713,-21.969696],[-47.887135,-21.969726],[-47.887135,-21.969752],[-47.887106,-21.969763],[-47.887067,-21.969768],[-47.887045,-21.969779],[-47.887082,-21.969839],[-47.887086,-21.969906],[-47.887098,-21.969986],[-47.887104,-21.970148],[-47.887146,-21.970304],[-47.887146,-21.970454],[-47.887116,-21.970559],[-47.887118,-21.970869],[-47.886894,-21.971744],[-47.886929,-21.971763],[-47.886964,-21.971783],[-47.887974,-21.971483],[-47.887914,-21.971338],[-47.887854,-21.971194]]]}},{"type":"Feature","properties":{"class":"stream","name":"Córrego do Fazzari"},"geometry":{"type":"LineString","coordinates":[[-47.887003,-21.971755],[-47.886994,-21.971851]]}},{"type":"Feature","properties":{"class":"water"},"geometry":{"type":"Polygon","coordinates":[[[-47.887318,-21.975435],[-47.887334,-21.975406],[-47.887337,-21.975366],[-47.887326,-21.975322],[-47.887298,-21.975274],[-47.887274,-21.975226],[-47.88726,-21.975156],[-47.887199,-21.975064],[-47.887186,-21.974872],[-47.887181,-21.974783],[-47.887199,-21.974618],[-47.887216,-21.97442],[-47.887216,-21.974271],[-47.887239,-21.974177],[-47.887213,-21.974121],[-47.887206,-21.974002],[-47.887205,-21.973865],[-47.887208,-21.973781],[-47.887252,-21.973728],[-47.887276,-21.973683],[-47.887295,-21.973609],[-47.887302,-21.973562],[-47.887277,-21.973499],[-47.887236,-21.973461],[-47.887235,-21.973438],[-47.887268,-21.973403],[-47.887285,-21.973369],[-47.887277,-21.973334],[-47.887274,-21.973311],[-47.887276,-21.973269],[-47.887274,-21.973248],[-47.887254,-21.973219],[-47.887233,-21.973197],[-47.887206,-21.973186],[-47.887203,-21.973145],[-47.887199,-21.973089],[-47.887172,-21.973051],[-47.887137,-21.973047],[-47.887136,-21.973014],[-47.887131,-21.972974],[-47.887151,-21.972962],[-47.887172,-21.972933],[-47.88718,-21.972898],[-47.887194,-21.972872],[-47.887236,-21.972843],[-47.88726,-21.972815],[-47.887271,-21.97277],[-47.887249,-21.972745],[-47.887235,-21.97272],[-47.887254,-21.972701],[-47.887224,-21.97269],[-47.887177,-21.972677],[-47.887142,-21.972669],[-47.887098,-21.972645],[-47.887103,-21.972611],[-47.887168,-21.972482],[-47.887149,-21.972465],[-47.887077,-21.972596],[-47.887051,-21.972664],[-47.887024,-21.972715],[-47.887017,-21.972752],[-47.88698,-21.972872],[-47.886942,-21.973014],[-47.886918,-21.97317],[-47.886864,-21.973313],[-47.886842,-21.973415],[-47.886821,-21.973559],[-47.886831,-21.973674],[-47.886818,-21.973803],[-47.886817,-21.973998],[-47.886771,-21.974183],[-47.886779,-21.974318],[-47.886729,-21.974488],[-47.886731,-21.974601],[-47.886729,-21.97469],[-47.886713,-21.974778],[-47.886721,-21.974894],[-47.886711,-21.974985],[-47.88667,-21.975035],[-47.886648,-21.975196],[-47.886639,-21.97539],[-47.88666,-21.975477],[-47.88674,-21.975551],[-47.887132,-21.975509],[-47.887316,-21.975489],[-47.887318,-21.975435]]]}},{"type":"Feature","properties":{"class":"stream","name":"Córrego do Fazzari"},"geometry":{"type":"LineString","coordinates":[[-47.886994,-21.971851],[-47.886966,-21.97196],[-47.887149,-21.972008],[-47.887209,-21.972103],[-47.887228,-21.972233],[-47.887235,-21.972326],[-47.887065,-21.972915],[-47.887064,-21.973141],[-47.887066,-21.973212],[-47.887067,-21.973296],[-47.887028,-21.973537],[-47.887019,-21.97366],[-47.887015,-21.973945],[-47.88701,-21.974058],[-47.886972,-21.974301],[-47.886952,-21.974432],[-47.886945,-21.974771],[-47.886939,-21.974934],[-47.886942,-21.97511],[-47.886987,-21.975229],[-47.887042,-21.975341],[-47.887132,-21.975509],[-47.887128,-21.976487],[-47.887072,-21.977861],[-47.887194,-21.978105],[-47.887271,-21.97883],[-47.887507,-21.979547]]}},{"type":"Feature","properties":{"class":"stream"},"geometry":{"type":"LineString","coordinates":[[-47.887507,-21.979547],[-47.887693,-21.979842]]}},{"type":"Feature","properties":{"class":"stream"},"geometry":{"type":"LineString","coordinates":[[-47.887693,-21.979842],[-47.887692,-21.979905],[-47.887665,-21.979991],[-47.887474,-21.980707]]}},{"type":"Feature","properties":{"class":"stream"},"geometry":{"type":"LineString","coordinates":[[-47.887474,-21.980707],[-47.887349,-21.98116]]}},{"type":"Feature","properties":{"class":"stream","name":"Córrego do Fazzari"},"geometry":{"type":"LineString","coordinates":[[-47.887349,-21.98116],[-47.887351,-21.981613],[-47.887309,-21.982103],[-47.887266,-21.982373]]}},{"type":"Feature","properties":{"class":"stream"},"geometry":{"type":"LineString","coordinates":[[-47.887266,-21.982373],[-47.88707,-21.982806]]}},{"type":"Feature","properties":{"class":"reservoir"},"geometry":{"type":"Polygon","coordinates":[[[-47.886256,-21.984373],[-47.886375,-21.984408],[-47.886475,-21.984424],[-47.886696,-21.984444],[-47.886719,-21.984452],[-47.886757,-21.984486],[-47.886752,-21.984447],[-47.886746,-21.984291],[-47.886764,-21.984073],[-47.886802,-21.983895],[-47.886886,-21.983489],[-47.886893,-21.983419],[-47.886902,-21.98335],[-47.886877,-21.983365],[-47.886851,-21.983363],[-47.886817,-21.983324],[-47.886804,-21.983287],[-47.88677,-21.983255],[-47.886705,-21.98325],[-47.886674,-21.983285],[-47.886617,-21.983481],[-47.886641,-21.983565],[-47.886637,-21.983608],[-47.886601,-21.983645],[-47.886577,-21.983655],[-47.886495,-21.983906],[-47.886375,-21.983876],[-47.886308,-21.984045],[-47.88627,-21.984225],[-47.886244,-21.984353],[-47.886256,-21.984373]]]}},{"type":"Feature","properties":{"class":"stream","name":"Córrego do Fazzari"},"geometry":{"type":"LineString","coordinates":[[-47.88707,-21.982806],[-47.886883,-21.984523],[-47.886882,-21.985326]]}},{"type":"Feature","properties":{"class":"river","name":"Rio Monjolinho"},"geometry":{"type":"LineString","coordinates":[[-47.887512,-21.986668],[-47.887635,-21.98671],[-47.88778,-21.986838],[-47.887932,-21.987008],[-47.888115,-21.987121],[-47.88823,-21.987241],[-47.888466,-21.987496],[-47.888543,-21.987623],[-47.888626,-21.987722],[-47.888749,-21.987878],[-47.888817,-21.988012],[-47.888962,-21.98814],[-47.88913,-21.988295],[-47.889237,-21.98843],[-47.889321,-21.988593],[-47.889397,-21.988614],[-47.889512,-21.988776],[-47.889657,-21.988861],[-47.89,-21.989031],[-47.890137,-21.989109],[-47.890229,-21.989222]]}},{"type":"Feature","properties":{"class":"stream"},"geometry":{"type":"LineString","coordinates":[[-47.886882,-21.985326],[-47.886892,-21.985859]]}},{"type":"Feature","properties":{"class":"stream","name":"Córrego do Fazzari"},"geometry":{"type":"LineString","coordinates":[[-47.886892,-21.985859],[-47.887037,-21.986574]]}},{"type":"Feature","properties":{"class":"river","name":"Córrego Monjolinho"},"geometry":{"type":"LineString","coordinates":[[-47.887037,-21.986574],[-47.887512,-21.986668]]}},{"type":"Feature","properties":{"class":"stream","name":"Córrego Monjolinho"},"geometry":{"type":"LineString","coordinates":[[-47.890229,-21.989222],[-47.890443,-21.989767]]}},{"type":"Feature","properties":{"class":"stream"},"geometry":{"type":"LineString","coordinates":[[-47.894242,-21.991009],[-47.894195,-21.99124]]}},{"type":"Feature","properties":{"class":"stream"},"geometry":{"type":"LineString","coordinates":[[-47.894195,-21.99124],[-47.89415,-21.991319],[-47.894078,-21.9914],[-47.89392,-21.991758],[-47.893781,-21.992136],[-47.893666,-21.992281],[-47.893575,-21.992389]]}},{"type":"Feature","properties":{"class":"stream","name":"Córrego Monjolinho"},"geometry":{"type":"LineString","coordinates":[[-47.89061,-21.990071],[-47.890763,-21.990158]]}},{"type":"Feature","properties":{"class":"stream","name":"Córrego Monjolinho"},"geometry":{"type":"LineString","coordinates":[[-47.890443,-21.989767],[-47.890488,-21.989866],[-47.890533,-21.989974],[-47.89061,-21.990071]]}},{"type":"Feature","properties":{"class":"stream"},"geometry":{"type":"LineString","coordinates":[[-47.895393,-21.989541],[-47.895277,-21.989718]]}},{"type":"Feature","properties":{"class":"stream"},"geometry":{"type":"LineString","coordinates":[[-47.896379,-21.988126],[-47.896287,-21.988288],[-47.896158,-21.98855],[-47.895914,-21.988826],[-47.895746,-21.989067],[-47.895393,-21.989541]]}},{"type":"Feature","properties":{"class":"stream"},"geometry":{"type":"LineString","coordinates":[[-47.895277,-21.989718],[-47.895135,-21.989845],[-47.894956,-21.990061],[-47.89465,-21.990434],[-47.894451,-21.990608],[-47.894356,-21.990753],[-47.894242,-21.991009]]}},{"type":"Feature","properties":{"class":"stream","name":"Córrego Santa Maria do Leme"},"geometry":{"type":"LineString","coordinates":[[-47.905291,-21.985172],[-47.905044,-21.985662],[-47.9048,-21.986103],[-47.904714,-21.9865],[-47.904708,-21.987203],[-47.904711,-21.987523],[-47.904774,-21.987754],[-47.904739,-21.987912],[-47.904627,-21.988053],[-47.904778,-21.988329],[-47.904803,-21.988492],[-47.904691,-21.98875],[-47.904837,-21.988958],[-47.904827,-21.98918],[-47.904842,-21.989407],[-47.904857,-21.989615],[-47.904783,-21.989678],[-47.9047,-21.989715],[-47.904739,-21.989968],[-47.904681,-21.990131],[-47.904647,-21.990208],[-47.904573,-21.990317],[-47.9045,-21.990526],[-47.904517,-21.99073],[-47.904764,-21.990857],[-47.904916,-21.991228],[-47.904354,-21.991282],[-47.903968,-21.991567],[-47.903885,-21.991766],[-47.90367,-21.991952],[-47.903533,-21.992232],[-47.903436,-21.992472],[-47.903348,-21.992712],[-47.90327,-21.992943],[-47.903235,-21.993224],[-47.903201,-21.993443],[-47.90316,-21.993777],[-47.90315,-21.994027],[-47.903156,-21.994096],[-47.903192,-21.994164],[-47.90331,-21.994248],[-47.903326,-21.994301],[-47.903265,-21.994383],[-47.903187,-21.99446],[-47.90313,-21.994567],[-47.903048,-21.994974],[-47.902992,-21.995016],[-47.902924,-21.995076],[-47.902841,-21.995214],[-47.902739,-21.995358],[-47.90274,-21.995438],[-47.902748,-21.995481],[-47.902743,-21.99553],[-47.902728,-21.995568],[-47.902699,-21.995599],[-47.902629,-21.995649],[-47.902598,-21.995702],[-47.902593,-21.995748],[-47.902591,-21.995811],[-47.902536,-21.995902],[-47.90249,-21.996022],[-47.902411,-21.99633],[-47.902381,-21.996379],[-47.902334,-21.996407],[-47.902275,-21.996444],[-47.902243,-21.99648],[-47.9022,-21.996587],[-47.90215,-21.996697],[-47.902054,-21.997054],[-47.901846,-21.997518],[-47.901712,-21.997825],[-47.90156,-21.99809],[-47.901482,-21.998226],[-47.901396,-21.998334],[-47.901316,-21.998427],[-47.901217,-21.998509],[-47.901092,-21.998569],[-47.901037,-21.9986],[-47.900994,-21.998619],[-47.900956,-21.998665],[-47.900925,-21.998707],[-47.900906,-21.998749],[-47.90089,-21.998797],[-47.900885,-21.99883],[-47.900867,-21.998848],[-47.900822,-21.998881],[-47.900788,-21.998913],[-47.900752,-21.999018],[-47.90074,-21.999055],[-47.900669,-21.999204],[-47.900552,-21.999404],[-47.900472,-21.999552],[-47.900376,-21.999716],[-47.900105,-22.000118],[-47.899946,-22.000375]]}},{"type":"Feature","properties":{"class":"river","name":"Rio Monjolinho"},"geometry":{"type":"LineString","coordinates":[[-47.890763,-21.990158],[-47.891,-21.990305],[-47.891244,-21.990411],[-47.89148,-21.990524],[-47.891702,-21.990651],[-47.891961,-21.990835],[-47.892279,-21.991033],[-47.892483,-21.991163],[-47.892651,-21.991361],[-47.892884,-21.991621],[-47.893007,-21.991672],[-47.893182,-21.991734],[-47.893227,-21.991782],[-47.893307,-21.991865],[-47.893357,-21.991936],[-47.89343,-21.992034],[-47.893474,-21.992109],[-47.893508,-21.99218],[-47.893544,-21.992267],[-47.893575,-21.992389],[-47.893604,-21.992437],[-47.893613,-21.992494],[-47.893599,-21.992546],[-47.893574,-21.992589],[-47.893538,-21.99264],[-47.893549,-21.992789],[-47.893549,-21.99289],[-47.893547,-21.99296],[-47.89357,-21.993007],[-47.893603,-21.993046],[-47.893684,-21.993213],[-47.893693,-21.993266],[-47.893783,-21.993399],[-47.893832,-21.993501],[-47.893881,-21.993625],[-47.893995,-21.99366],[-47.894071,-21.993817],[-47.894203,-21.994083],[-47.894292,-21.994264],[-47.894327,-21.99439],[-47.894398,-21.994465],[-47.894432,-21.994575],[-47.894493,-21.99471],[-47.894564,-21.994807],[-47.894625,-21.994972],[-47.894652,-21.995038],[-47.894683,-21.995044],[-47.894741,-21.995136],[-47.894792,-21.995183],[-47.894848,-21.995275],[-47.894914,-21.995361],[-47.894973,-21.99547],[-47.895105,-21.995639],[-47.895237,-21.995816],[-47.895383,-21.995996],[-47.895519,-21.996111],[-47.895568,-21.99615],[-47.895628,-21.996167],[-47.895654,-21.996198],[-47.895678,-21.996235],[-47.895713,-21.996285],[-47.895729,-21.996367],[-47.895845,-21.996521],[-47.895927,-21.99665],[-47.895974,-21.996725],[-47.896018,-21.996834],[-47.896056,-21.996984],[-47.896127,-21.997183],[-47.896186,-21.997317],[-47.896341,-21.997624],[-47.896432,-21.997755],[-47.896498,-21.997832],[-47.896545,-21.997901],[-47.896657,-21.998116],[-47.896766,-21.998348],[-47.896885,-21.998541],[-47.896949,-21.998658],[-47.897034,-21.998752],[-47.89705,-21.998794],[-47.897099,-21.998831],[-47.897147,-21.998858],[-47.897184,-21.998876],[-47.897229,-21.998896],[-47.897304,-21.998922],[-47.897328,-21.998928],[-47.897381,-21.998965],[-47.897679,-21.999182],[-47.898122,-21.999487],[-47.898265,-21.999587],[-47.898729,-21.999933],[-47.899221,-22.000283],[-47.899584,-22.000502]]}},{"type":"Feature","properties":{"class":"canal"},"geometry":{"type":"LineString","coordinates":[[-47.898196,-22.002495],[-47.89839,-22.00245],[-47.898419,-22.002434]]}},{"type":"Feature","properties":{"class":"stream","name":"Córrego do Tijuco Preto"},"geometry":{"type":"LineString","coordinates":[[-47.898419,-22.002434],[-47.898575,-22.002345]]}},{"type":"Feature","properties":{"class":"river","name":"Rio Monjolinho"},"geometry":{"type":"LineString","coordinates":[[-47.899906,-22.000835],[-47.899936,-22.00091],[-47.900032,-22.001021],[-47.900134,-22.001113],[-47.900199,-22.001198],[-47.900257,-22.001274],[-47.900319,-22.001366],[-47.900367,-22.001485],[-47.900403,-22.001655],[-47.900396,-22.001901],[-47.900364,-22.002197],[-47.900348,-22.00257],[-47.900317,-22.002613]]}},{"type":"Feature","properties":{"class":"stream"},"geometry":{"type":"LineString","coordinates":[[-47.899946,-22.000375],[-47.899924,-22.000746],[-47.899906,-22.000835]]}},{"type":"Feature","properties":{"class":"stream"},"geometry":{"type":"LineString","coordinates":[[-47.899584,-22.000502],[-47.899906,-22.000835]]}},{"type":"Feature","properties":{"class":"stream","name":"Córrego do Tijuco Preto"},"geometry":{"type":"LineString","coordinates":[[-47.898759,-22.002249],[-47.899032,-22.002122],[-47.899351,-22.002072],[-47.899662,-22.002116],[-47.900025,-22.002292],[-47.90011,-22.002349],[-47.900189,-22.002424],[-47.900317,-22.002613]]}},{"type":"Feature","properties":{"class":"canal"},"geometry":{"type":"LineString","coordinates":[[-47.898575,-22.002345],[-47.898759,-22.002249]]}},{"type":"Feature","properties":{"class":"river","name":"Rio Monjolinho"},"geometry":{"type":"LineString","coordinates":[[-47.900317,-22.002613],[-47.900363,-22.003035],[-47.900363,-22.003544],[-47.900424,-22.003767],[-47.900606,-22.004005],[-47.900721,-22.004124]]}},{"type":"Feature","properties":{"class":"river","name":"Rio Monjolinho"},"geometry":{"type":"LineString","coordinates":[[-47.900935,-22.004267],[-47.901095,-22.004346],[-47.901649,-22.004637],[-47.901963,-22.00485],[-47.90209,-22.004975],[-47.902243,-22.005112]]}},{"type":"Feature","properties":{"class":"river","name":"Rio Monjolinho"},"geometry":{"type":"LineString","coordinates":[[-47.900721,-22.004124],[-47.900935,-22.004267]]}},{"type":"Feature","properties":{"class":"river","name":"Rio Monjolinho"},"geometry":{"type":"LineString","coordinates":[[-47.902243,-22.005112],[-47.902439,-22.005309]]}},{"type":"Feature","properties":{"class":"stream","name":"Córrego do Tijuco Preto"},"geometry":{"type":"LineString","coordinates":[[-47.894002,-22.004172],[-47.894978,-22.00386],[-47.895884,-22.003605],[-47.896289,-22.00349],[-47.896576,-22.003389],[-47.897164,-22.003071],[-47.897867,-22.002676],[-47.898196,-22.002495]]}},{"type":"Feature","properties":{"class":"stream","name":"Córrego do Tijuco Preto"},"geometry":{"type":"LineString","coordinates":[[-47.892288,-22.004344],[-47.89288,-22.004344],[-47.893176,-22.004314],[-47.893757,-22.004187]]}},{"type":"Feature","properties":{"class":"stream","name":"Córrego do Tijuco Preto"},"geometry":{"type":"LineString","coordinates":[[-47.893757,-22.004187],[-47.894002,-22.004172]]}},{"type":"Feature","properties":{"class":"stream","name":"Córrego do Tijuco Preto"},"geometry":{"type":"LineString","coordinates":[[-47.885349,-22.004378],[-47.886516,-22.004508],[-47.886739,-22.004533],[-47.88863,-22.00452],[-47.889109,-22.004463],[-47.88976,-22.004316],[-47.890461,-22.004307],[-47.892288,-22.004344]]}},{"type":"Feature","properties":{"class":"stream","name":"Córrego Schmidt"},"geometry":{"type":"LineString","coordinates":[[-47.88616,-22.008971],[-47.886221,-22.008155],[-47.886455,-22.005474],[-47.886516,-22.004508]]}},{"type":"Feature","properties":{"class":"stream","name":"Córrego do Tijuco Preto"},"geometry":{"type":"LineString","coordinates":[[-47.875426,-22.01026],[-47.875605,-22.0102],[-47.875858,-22.010054],[-47.876114,-22.009897],[-47.876477,-22.00972],[-47.876674,-22.009615],[-47.876835,-22.009369],[-47.877223,-22.008946],[-47.877494,-22.008663],[-47.877792,-22.008496],[-47.877963,-22.008393],[-47.878004,-22.008279],[-47.878093,-22.008171],[-47.878227,-22.008103],[-47.87829,-22.008089],[-47.878339,-22.008063],[-47.878355,-22.008026],[-47.878345,-22.007949],[-47.878396,-22.007864],[-47.878455,-22.007829],[-47.87853,-22.007802],[-47.878645,-22.007753],[-47.878807,-22.007617],[-47.879005,-22.007376],[-47.879195,-22.007164],[-47.879325,-22.007037],[-47.879516,-22.006846],[-47.879567,-22.006811],[-47.879782,-22.006769],[-47.879884,-22.006691],[-47.880022,-22.006628],[-47.880218,-22.00652],[-47.880418,-22.006475],[-47.880641,-22.0064],[-47.880882,-22.006273],[-47.88122,-22.006201],[-47.881362,-22.006124],[-47.881721,-22.005813],[-47.881979,-22.005642],[-47.88224,-22.005523],[-47.882455,-22.005416],[-47.882774,-22.005176],[-47.883415,-22.004759],[-47.883804,-22.004469],[-47.884155,-22.004292],[-47.884353,-22.004278],[-47.884605,-22.004285],[-47.884865,-22.004313],[-47.88517,-22.004348],[-47.885349,-22.004378]]}},{"type":"Feature","properties":{"class":"stream"},"geometry":{"type":"LineString","coordinates":[[-47.8693,-22.001283],[-47.869227,-22.001095],[-47.869221,-22.000953],[-47.869251,-22.000714],[-47.869331,-22.00047],[-47.869411,-22.000339],[-47.869496,-22.000112],[-47.869662,-21.999816],[-47.869852,-21.999378],[-47.86995,-21.998969],[-47.870153,-21.998531],[-47.870257,-21.998213],[-47.870367,-21.997877],[-47.870453,-21.99744],[-47.870631,-21.996877]]}},{"type":"Feature","properties":{"class":"pond"},"geometry":{"type":"Polygon","coordinates":[[[-47.878053,-21.993289],[-47.878044,-21.993251],[-47.878035,-21.993234],[-47.877947,-21.993165],[-47.877842,-21.993191],[-47.87769,-21.993528],[-47.877686,-21.993546],[-47.877689,-21.993582],[-47.877705,-21.993616],[-47.877831,-21.993756],[-47.877848,-21.993764],[-47.877867,-21.993761],[-47.877877,-21.993751],[-47.877893,-21.993719],[-47.877923,-21.993596],[-47.87805,-21.993328],[-47.878053,-21.993289]]]}},{"type":"Feature","properties":{"class":"pond"},"geometry":{"type":"Polygon","coordinates":[[[-47.877676,-21.993656],[-47.87767,-21.993654],[-47.877658,-21.993652],[-47.877646,-21.993654],[-47.877635,-21.993659],[-47.877627,-21.993667],[-47.877525,-21.993871],[-47.877522,-21.993886],[-47.877525,-21.993902],[-47.877532,-21.993916],[-47.87762,-21.993986],[-47.877638,-21.994009],[-47.877663,-21.99406],[-47.877671,-21.994119],[-47.877685,-21.994148],[-47.877696,-21.994157],[-47.877703,-21.99416],[-47.877717,-21.994163],[-47.877732,-21.994162],[-47.877746,-21.994157],[-47.877851,-21.994059],[-47.877878,-21.994009],[-47.877887,-21.993955],[-47.877879,-21.9939],[-47.877868,-21.993874],[-47.877686,-21.993663],[-47.877676,-21.993656]]]}},{"type":"Feature","properties":{"class":"pond"},"geometry":{"type":"Polygon","coordinates":[[[-47.877798,-21.993211],[-47.877792,-21.993196],[-47.877781,-21.993183],[-47.877749,-21.99317],[-47.877732,-21.993171],[-47.877703,-21.993182],[-47.877652,-21.993213],[-47.877361,-21.993645],[-47.877295,-21.993793],[-47.87728,-21.99387],[-47.877274,-21.993948],[-47.877289,-21.993965],[-47.877312,-21.993971],[-47.877391,-21.993953],[-47.877439,-21.993927],[-47.877475,-21.993889],[-47.877542,-21.993775],[-47.877797,-21.993228],[-47.877798,-21.993211]]]}},{"type":"Feature","properties":{"class":"pond"},"geometry":{"type":"Polygon","coordinates":[[[-47.877514,-21.993963],[-47.877486,-21.993948],[-47.877467,-21.993947],[-47.87745,-21.993956],[-47.877438,-21.993969],[-47.877408,-21.99399],[-47.877372,-21.994001],[-47.87728,-21.993997],[-47.877244,-21.99402],[-47.877218,-21.994052],[-47.877205,-21.99409],[-47.8772,-21.994178],[-47.877265,-21.994225],[-47.877344,-21.99425],[-47.877427,-21.994251],[-47.877505,-21.994227],[-47.877571,-21.99418],[-47.877618,-21.994117],[-47.87756,-21.994013],[-47.877514,-21.993963]]]}},{"type":"Feature","properties":{"class":"water"},"geometry":{"type":"Polygon","coordinates":[[[-47.87087,-21.99541],[-47.870741,-21.995407],[-47.870594,-21.995404],[-47.870502,-21.995444],[-47.870502,-21.995552],[-47.870576,-21.995717],[-47.87049,-21.995933],[-47.870533,-21.996178],[-47.870527,-21.996507],[-47.870527,-21.996678],[-47.870557,-21.996814],[-47.870631,-21.996877],[-47.870698,-21.996934],[-47.870815,-21.996814],[-47.870943,-21.996712],[-47.871035,-21.996649],[-47.871219,-21.996109],[-47.871311,-21.995848],[-47.871428,-21.995666],[-47.871471,-21.995598],[-47.871434,-21.995512],[-47.87087,-21.99541]]]}},{"type":"Feature","properties":{"class":"stream"},"geometry":{"type":"LineString","coordinates":[[-47.870813,-21.995335],[-47.871054,-21.995092],[-47.871213,-21.994842],[-47.871395,-21.993944]]}},{"type":"Feature","properties":{"class":"stream"},"geometry":{"type":"LineString","coordinates":[[-47.870741,-21.995407],[-47.870813,-21.995335]]}},{"type":"Feature","properties":{"class":"lake"},"geometry":{"type":"Polygon","coordinates":[[[-47.872249,-21.992175],[-47.871971,-21.992421],[-47.87187,-21.992747],[-47.871875,-21.992974],[-47.871814,-21.993012],[-47.871478,-21.992907],[-47.871239,-21.992934],[-47.871155,-21.99302],[-47.871354,-21.993869],[-47.871395,-21.993944],[-47.871449,-21.993961],[-47.871551,-21.993901],[-47.871961,-21.99325],[-47.872153,-21.993187],[-47.872297,-21.993092],[-47.872476,-21.992141],[-47.872249,-21.992175]]]}},{"type":"Feature","properties":{"class":"stream"},"geometry":{"type":"LineString","coordinates":[[-47.871478,-21.992907],[-47.871538,-21.992744],[-47.8716,-21.992482],[-47.871698,-21.991703],[-47.871777,-21.991311],[-47.871955,-21.990549],[-47.871924,-21.989452],[-47.871985,-21.988811]]}},{"type":"Feature","properties":{"class":"stream"},"geometry":{"type":"LineString","coordinates":[[-47.876364,-21.995371],[-47.876449,-21.99514],[-47.87651,-21.994898],[-47.876525,-21.994783],[-47.876552,-21.994644],[-47.876582,-21.994537],[-47.876573,-21.994455],[-47.876549,-21.994372],[-47.876585,-21.994321],[-47.876643,-21.994299],[-47.876716,-21.994244],[-47.876788,-21.994088],[-47.87682,-21.993965],[-47.87688,-21.993821],[-47.877012,-21.993583],[-47.87708,-21.993412],[-47.877171,-21.993175],[-47.877271,-21.993021],[-47.877366,-21.992818],[-47.877421,-21.992643],[-47.877433,-21.992493],[-47.877445,-21.992342],[-47.877437,-21.99216],[-47.877482,-21.992007],[-47.877499,-21.99185],[-47.877528,-21.991663],[-47.877578,-21.991508],[-47.877579,-21.991394],[-47.877562,-21.991211],[-47.877482,-21.991053],[-47.877454,-21.990865],[-47.877441,-21.990663],[-47.877408,-21.990444],[-47.877289,-21.990284],[-47.877225,-21.990218],[-47.877222,-21.989844],[-47.877205,-21.989662],[-47.877141,-21.989479],[-47.877059,-21.989358],[-47.87698,-21.98922],[-47.876977,-21.989052],[-47.876997,-21.988845],[-47.877056,-21.988582],[-47.877157,-21.988342]]}},{"type":"Feature","properties":{"class":"river","name":"Rio Monjolinho"},"geometry":{"type":"LineString","coordinates":[[-47.884563,-21.985783],[-47.884972,-21.985925],[-47.885437,-21.986045],[-47.886391,-21.986335],[-47.887037,-21.986574]]}},{"type":"Feature","properties":{"class":"river","name":"Rio Monjolinho"},"geometry":{"type":"LineString","coordinates":[[-47.884281,-21.985694],[-47.884563,-21.985783]]}},{"type":"Feature","properties":{"class":"pond"},"geometry":{"type":"Polygon","coordinates":[[[-47.878882,-21.98687],[-47.878826,-21.986845],[-47.87878,-21.986788],[-47.878751,-21.986743],[-47.87871,-21.986656],[-47.87871,-21.986599],[-47.878735,-21.986509],[-47.878665,-21.986464],[-47.878635,-21.986427],[-47.878641,-21.98635],[-47.878563,-21.986335],[-47.87852,-21.986439],[-47.878485,-21.986556],[-47.87848,-21.986671],[-47.878429,-21.986676],[-47.878415,-21.986718],[-47.878383,-21.986716],[-47.878338,-21.986775],[-47.878338,-21.986818],[-47.878284,-21.986857],[-47.87823,-21.986895],[-47.878155,-21.986895],[-47.878161,-21.986921],[-47.878163,-21.986947],[-47.878246,-21.986982],[-47.878338,-21.987004],[-47.878509,-21.987034],[-47.878681,-21.987014],[-47.878823,-21.986987],[-47.878901,-21.986982],[-47.878928,-21.986949],[-47.878882,-21.98687]]]}},{"type":"Feature","properties":{"class":"stream","name":"Córrego Monjolinho"},"geometry":{"type":"LineString","coordinates":[[-47.878464,-21.986019],[-47.879007,-21.986012]]}},{"type":"Feature","properties":{"class":"stream","name":"Córrego Monjolinho"},"geometry":{"type":"LineString","coordinates":[[-47.878218,-21.986022],[-47.878464,-21.986019]]}},{"type":"Feature","properties":{"class":"pond","name":"Represa do Rio Monjolinho"},"geometry":{"type":"Polygon","coordinates":[[[-47.881506,-21.985399],[-47.88098,-21.98534],[-47.880541,-21.98534],[-47.880097,-21.985276],[-47.879667,-21.985423],[-47.879504,-21.985622],[-47.879233,-21.985641],[-47.878977,-21.985656],[-47.878574,-21.98568],[-47.878506,-21.985772],[-47.878862,-21.985911],[-47.878869,-21.986039],[-47.878976,-21.986063],[-47.879017,-21.986167],[-47.879015,-21.986321],[-47.878976,-21.986374],[-47.879069,-21.986373],[-47.879131,-21.98637],[-47.879139,-21.986329],[-47.879177,-21.986289],[-47.879256,-21.98633],[-47.879308,-21.986428],[-47.879337,-21.986345],[-47.879365,-21.986285],[-47.879451,-21.986278],[-47.879544,-21.9862],[-47.879531,-21.986274],[-47.879635,-21.986341],[-47.879727,-21.986329],[-47.879733,-21.986458],[-47.879919,-21.986478],[-47.879974,-21.986571],[-47.882001,-21.98627],[-47.882045,-21.986226],[-47.882184,-21.985758],[-47.882003,-21.985494],[-47.881506,-21.985399]]]}},{"type":"Feature","properties":{"class":"river","name":"Rio Monjolinho"},"geometry":{"type":"LineString","coordinates":[[-47.879007,-21.986012],[-47.882036,-21.98594],[-47.882256,-21.985945],[-47.882927,-21.985759],[-47.883485,-21.985721],[-47.884281,-21.985694]]}},{"type":"Feature","properties":{"class":"water"},"geometry":{"type":"Polygon","coordinates":[[[-47.877395,-21.978785],[-47.877301,-21.979115],[-47.877437,-21.979111],[-47.877432,-21.978957],[-47.877434,-21.978791],[-47.877395,-21.978785]]]}},{"type":"Feature","properties":{"class":"stream","name":"Córrego do Espraiado"},"geometry":{"type":"LineString","coordinates":[[-47.869972,-21.96639],[-47.870882,-21.968306],[-47.871159,-21.969165],[-47.871403,-21.971744],[-47.870866,-21.974413],[-47.871409,-21.975964],[-47.874113,-21.981523],[-47.874243,-21.982175]]}},{"type":"Feature","properties":{"class":"pond","name":"Lago das Antas"},"geometry":{"type":"Polygon","coordinates":[[[-47.875203,-21.983789],[-47.875199,-21.983867],[-47.875139,-21.983754],[-47.875101,-21.983709],[-47.875083,-21.983714],[-47.875116,-21.983772],[-47.87516,-21.983866],[-47.875175,-21.983931],[-47.875254,-21.98407],[-47.875269,-21.984119],[-47.875277,-21.984284],[-47.875266,-21.984303],[-47.875259,-21.984388],[-47.875308,-21.984509],[-47.8754,-21.984486],[-47.875466,-21.984465],[-47.875546,-21.984436],[-47.875585,-21.984417],[-47.875598,-21.984361],[-47.875574,-21.984327],[-47.875548,-21.984221],[-47.875546,-21.984102],[-47.875495,-21.984037],[-47.875452,-21.984041],[-47.87541,-21.984055],[-47.875234,-21.983792],[-47.875203,-21.983789]]]}},{"type":"Feature","properties":{"class":"stream","name":"Córrego do Espraiado"},"geometry":{"type":"LineString","coordinates":[[-47.875106,-21.983574],[-47.875129,-21.983633]]}},{"type":"Feature","properties":{"class":"water"},"geometry":{"type":"Polygon","coordinates":[[[-47.874947,-21.983335],[-47.874993,-21.983478],[-47.875052,-21.983527],[-47.875127,-21.983528],[-47.875178,-21.983508],[-47.875199,-21.983454],[-47.875193,-21.98338],[-47.875159,-21.983306],[-47.875053,-21.983173],[-47.874999,-21.983173],[-47.87495,-21.983192],[-47.874924,-21.983232],[-47.874947,-21.983335]],[[-47.875037,-21.983362],[-47.875043,-21.983357],[-47.87505,-21.983352],[-47.875058,-21.983349],[-47.875066,-21.983347],[-47.875075,-21.983346],[-47.875084,-21.983346],[-47.875092,-21.983348],[-47.8751,-21.983351],[-47.875111,-21.983358],[-47.875122,-21.983366],[-47.87513,-21.983375],[-47.875137,-21.983385],[-47.875142,-21.983397],[-47.875146,-21.983409],[-47.875151,-21.983433],[-47.875151,-21.98344],[-47.87515,-21.983447],[-47.875148,-21.983453],[-47.875145,-21.983459],[-47.875141,-21.983464],[-47.875135,-21.983469],[-47.875129,-21.983472],[-47.875123,-21.983475],[-47.875116,-21.983477],[-47.875109,-21.983477],[-47.875102,-21.983476],[-47.875095,-21.983475],[-47.875088,-21.983472],[-47.875082,-21.983468],[-47.875061,-21.983449],[-47.875051,-21.983438],[-47.875043,-21.983425],[-47.875036,-21.983412],[-47.875032,-21.983398],[-47.875031,-21.983383],[-47.875033,-21.983372],[-47.875037,-21.983362]]]}},{"type":"Feature","properties":{"class":"pond"},"geometry":{"type":"Polygon","coordinates":[[[-47.874865,-21.983051],[-47.874881,-21.983037],[-47.874881,-21.982932],[-47.874913,-21.982884],[-47.874818,-21.982741],[-47.874748,-21.982646],[-47.874727,-21.982604],[-47.874681,-21.982581],[-47.874664,-21.98252],[-47.874611,-21.982399],[-47.874436,-21.98236],[-47.874345,-21.982311],[-47.87431,-21.982246],[-47.874243,-21.982175],[-47.874292,-21.982285],[-47.874355,-21.982428],[-47.874443,-21.982445],[-47.874517,-21.982451],[-47.874559,-21.982484],[-47.874604,-21.982533],[-47.874576,-21.982598],[-47.874594,-21.982692],[-47.87465,-21.982848],[-47.874667,-21.982926],[-47.874699,-21.982965],[-47.874678,-21.983027],[-47.874706,-21.983066],[-47.874766,-21.983105],[-47.874811,-21.983102],[-47.874865,-21.983051]]]}},{"type":"Feature","properties":{"class":"stream","name":"Córrego do Espraiado"},"geometry":{"type":"LineString","coordinates":[[-47.874243,-21.982175],[-47.874517,-21.982451],[-47.874782,-21.98287],[-47.874865,-21.983051]]}},{"type":"Feature","properties":{"class":"stream","name":"Córrego do Espraiado"},"geometry":{"type":"LineString","coordinates":[[-47.874865,-21.983051],[-47.874905,-21.983125]]}},{"type":"Feature","properties":{"class":"stream","name":"Córrego do Espraiado"},"geometry":{"type":"LineString","coordinates":[[-47.874905,-21.983125],[-47.874994,-21.983284],[-47.875106,-21.983574]]}},{"type":"Feature","properties":{"class":"lake"},"geometry":{"type":"Polygon","coordinates":[[[-47.876456,-21.986149],[-47.876548,-21.986051],[-47.876536,-21.985902],[-47.876321,-21.985732],[-47.876097,-21.985611],[-47.875902,-21.985582],[-47.875773,-21.985607],[-47.875773,-21.985707],[-47.875752,-21.985788],[-47.8757,-21.985829],[-47.875641,-21.985837],[-47.875564,-21.985862],[-47.875477,-21.985916],[-47.875436,-21.985957],[-47.875421,-21.986053],[-47.87541,-21.986076],[-47.875391,-21.986094],[-47.875367,-21.986106],[-47.875354,-21.986109],[-47.875301,-21.986135],[-47.875214,-21.98621],[-47.875167,-21.986281],[-47.875163,-21.986295],[-47.875162,-21.986323],[-47.87517,-21.98635],[-47.875188,-21.986373],[-47.875212,-21.98639],[-47.875226,-21.986395],[-47.875767,-21.986373],[-47.875859,-21.986349],[-47.876456,-21.986149]]]}},{"type":"Feature","properties":{"class":"stream","name":"Córrego do Espraiado"},"geometry":{"type":"LineString","coordinates":[[-47.875737,-21.985498],[-47.875722,-21.985678],[-47.875741,-21.986119],[-47.875871,-21.986465]]}},{"type":"Feature","properties":{"class":"stream","name":"Córrego do Espraiado"},"geometry":{"type":"LineString","coordinates":[[-47.875742,-21.985433],[-47.875737,-21.985498]]}},{"type":"Feature","properties":{"class":"pond","name":"Lago dos Patos"},"geometry":{"type":"Polygon","coordinates":[[[-47.875466,-21.984465],[-47.8754,-21.984486],[-47.875712,-21.985446],[-47.876028,-21.985365],[-47.875812,-21.98506],[-47.875677,-21.98502],[-47.875466,-21.984465]],[[-47.875801,-21.985205],[-47.875811,-21.98524],[-47.875811,-21.985291],[-47.875792,-21.985314],[-47.875734,-21.985309],[-47.875694,-21.985273],[-47.87567,-21.985198],[-47.875665,-21.985146],[-47.875693,-21.98513],[-47.87573,-21.98513],[-47.875771,-21.985153],[-47.875801,-21.985205]]]}},{"type":"Feature","properties":{"class":"stream","name":"Córrego do Espraiado"},"geometry":{"type":"LineString","coordinates":[[-47.875129,-21.983633],[-47.875254,-21.983955],[-47.875555,-21.984827],[-47.875746,-21.985387],[-47.875742,-21.985433]]}},{"type":"Feature","properties":{"class":"water"},"geometry":{"type":"Polygon","coordinates":[[[-47.877787,-21.985743],[-47.877715,-21.985717],[-47.877626,-21.985666],[-47.87753,-21.985636],[-47.877443,-21.985632],[-47.877301,-21.985646],[-47.877204,-21.985655],[-47.877148,-21.985667],[-47.877103,-21.985699],[-47.877121,-21.985744],[-47.877212,-21.985789],[-47.877282,-21.985798],[-47.877338,-21.985763],[-47.877378,-21.985734],[-47.877449,-21.985746],[-47.877499,-21.985732],[-47.877555,-21.98575],[-47.877616,-21.985767],[-47.877644,-21.985824],[-47.877679,-21.985884],[-47.877719,-21.985921],[-47.877795,-21.985912],[-47.87784,-21.985862],[-47.877845,-21.985816],[-47.877787,-21.985743]]]}},{"type":"Feature","properties":{"class":"river","name":"Rio Monjolinho"},"geometry":{"type":"LineString","coordinates":[[-47.874266,-21.986732],[-47.874641,-21.98658],[-47.875077,-21.986477],[-47.875871,-21.986465],[-47.876117,-21.986397],[-47.876593,-21.986196],[-47.877006,-21.986081],[-47.878218,-21.986022]]}},{"type":"Feature","properties":{"class":"stream"},"geometry":{"type":"LineString","coordinates":[[-47.877246,-21.988096],[-47.87732,-21.987741],[-47.877314,-21.987593],[-47.877394,-21.987314],[-47.877547,-21.987195],[-47.877639,-21.98707],[-47.878161,-21.986921]]}},{"type":"Feature","properties":{"class":"stream"},"geometry":{"type":"LineString","coordinates":[[-47.877157,-21.988342],[-47.877246,-21.988096]]}},{"type":"Feature","properties":{"class":"pond"},"geometry":{"type":"Polygon","coordinates":[[[-47.875689,-21.986782],[-47.87568,-21.986975],[-47.876107,-21.986993],[-47.876129,-21.986797],[-47.875689,-21.986782]]]}},{"type":"Feature","properties":{"class":"stream","name":"Córrego Monjolinho"},"geometry":{"type":"LineString","coordinates":[[-47.874027,-21.986818],[-47.874266,-21.986732]]}},{"type":"Feature","properties":{"class":"stream"},"geometry":{"type":"LineString","coordinates":[[-47.871985,-21.988811],[-47.871995,-21.988701]]}},{"type":"Feature","properties":{"class":"stream"},"geometry":{"type":"LineString","coordinates":[[-47.871995,-21.988701],[-47.872119,-21.987376]]}},{"type":"Feature","properties":{"class":"stream","name":"Córrego da Matinha"},"geometry":{"type":"LineString","coordinates":[[-47.86343,-21.981126],[-47.864126,-21.982175],[-47.864976,-21.983184],[-47.865035,-21.983274],[-47.865319,-21.983501],[-47.865541,-21.983771],[-47.865794,-21.984027],[-47.866124,-21.984553],[-47.866859,-21.985435],[-47.867158,-21.985889],[-47.867342,-21.986209],[-47.867557,-21.986522],[-47.867833,-21.987076],[-47.868047,-21.987453],[-47.8683,-21.987581],[-47.868674,-21.987641]]}},{"type":"Feature","properties":{"class":"water"},"geometry":{"type":"Polygon","coordinates":[[[-47.86384,-21.982037],[-47.863962,-21.982236],[-47.864077,-21.982457],[-47.864192,-21.982663],[-47.864391,-21.982933],[-47.86446,-21.983118],[-47.864575,-21.983345],[-47.864775,-21.983317],[-47.864976,-21.983184],[-47.865204,-21.983032],[-47.865028,-21.982833],[-47.864859,-21.982677],[-47.864606,-21.982578],[-47.864476,-21.982407],[-47.864231,-21.982123],[-47.863929,-21.981649],[-47.863488,-21.981036],[-47.86343,-21.981126],[-47.863325,-21.981287],[-47.86358,-21.98175],[-47.863717,-21.981881],[-47.86384,-21.982037]]]}},{"type":"Feature","properties":{"class":"stream"},"geometry":{"type":"LineString","coordinates":[[-47.8661,-21.970286],[-47.868591,-21.972938],[-47.870866,-21.974413]]}},{"type":"Feature","properties":{"class":"stream","name":"Córrego da Matinha"},"geometry":{"type":"LineString","coordinates":[[-47.858559,-21.975826],[-47.860636,-21.977498],[-47.860881,-21.977837],[-47.861081,-21.978086],[-47.861479,-21.978654],[-47.862828,-21.980133],[-47.863127,-21.980666],[-47.86343,-21.981126]]}},{"type":"Feature","properties":{"class":"water"},"geometry":{"type":"Polygon","coordinates":[[[-47.861004,-21.977084],[-47.860835,-21.976963],[-47.860774,-21.976899],[-47.860667,-21.976785],[-47.860467,-21.976757],[-47.860337,-21.976778],[-47.8601,-21.9767],[-47.85967,-21.976387],[-47.85895,-21.975961],[-47.858751,-21.97584],[-47.858559,-21.975826],[-47.858528,-21.975939],[-47.858521,-21.976089],[-47.858452,-21.976252],[-47.858521,-21.976387],[-47.858735,-21.976472],[-47.859164,-21.97687],[-47.859824,-21.977581],[-47.859847,-21.977666],[-47.859839,-21.977802],[-47.859916,-21.977958],[-47.860015,-21.978022],[-47.860199,-21.977965],[-47.860636,-21.977498],[-47.86095,-21.977162],[-47.861004,-21.977084]]]}},{"type":"Feature","properties":{"class":"water"},"geometry":{"type":"Polygon","coordinates":[[[-47.857869,-21.974426],[-47.8579,-21.974305],[-47.85777,-21.974091],[-47.857517,-21.973857],[-47.85731,-21.973715],[-47.857356,-21.973836],[-47.857448,-21.97402],[-47.857547,-21.974227],[-47.857532,-21.974404],[-47.857601,-21.974646],[-47.857578,-21.974888],[-47.857593,-21.975058],[-47.857823,-21.975051],[-47.857952,-21.975001],[-47.85826,-21.97488],[-47.85816,-21.974667],[-47.858046,-21.974561],[-47.8579,-21.974539],[-47.857869,-21.974426]]]}},{"type":"Feature","properties":{"class":"stream"},"geometry":{"type":"LineString","coordinates":[[-47.85731,-21.973715],[-47.857608,-21.974096],[-47.857952,-21.975001],[-47.858061,-21.975271],[-47.858176,-21.975513],[-47.858559,-21.975826]]}},{"type":"Feature","properties":{"class":"stream","name":"Córrego da Matinha"},"geometry":{"type":"LineString","coordinates":[[-47.855992,-21.972528],[-47.856053,-21.972634],[-47.856244,-21.972855],[-47.856428,-21.973011],[-47.856681,-21.97316],[-47.857034,-21.973431],[-47.85731,-21.973715]]}},{"type":"Feature","properties":{"class":"stream"},"geometry":{"type":"LineString","coordinates":[[-47.848453,-21.996032],[-47.849044,-21.995996],[-47.849089,-21.995997],[-47.849276,-21.99596],[-47.849326,-21.995856],[-47.849399,-21.995774],[-47.849537,-21.995743],[-47.850043,-21.995794],[-47.850768,-21.995811],[-47.851296,-21.995734],[-47.851536,-21.99565],[-47.851803,-21.995523],[-47.852384,-21.994877],[-47.853037,-21.994622],[-47.853253,-21.994463],[-47.85347,-21.994444],[-47.853614,-21.994505],[-47.853711,-21.994597],[-47.85384,-21.994659],[-47.854013,-21.994614],[-47.854132,-21.994444],[-47.854345,-21.994183],[-47.854434,-21.994003],[-47.854587,-21.993867],[-47.854799,-21.993816],[-47.85498,-21.99376],[-47.855133,-21.993693],[-47.855327,-21.993603],[-47.85543,-21.993495],[-47.855479,-21.993267],[-47.855817,-21.993208],[-47.856303,-21.993167],[-47.856647,-21.993146],[-47.856766,-21.993086],[-47.857078,-21.993076],[-47.857316,-21.993075],[-47.857502,-21.993014],[-47.857783,-21.993027],[-47.857948,-21.992935],[-47.85802,-21.992774],[-47.858158,-21.992635],[-47.858457,-21.992534],[-47.858677,-21.99248],[-47.859114,-21.992422],[-47.859416,-21.992335],[-47.860184,-21.992238],[-47.860595,-21.992134],[-47.861096,-21.991939],[-47.861282,-21.991807],[-47.861576,-21.991667],[-47.861763,-21.991548],[-47.862014,-21.991465],[-47.862224,-21.991401],[-47.862322,-21.991393],[-47.862463,-21.991338],[-47.86259,-21.99132],[-47.862644,-21.991303],[-47.862701,-21.991398],[-47.862767,-21.991461],[-47.862812,-21.991464],[-47.862839,-21.991425],[-47.86285,-21.991375],[-47.862877,-21.991358],[-47.862917,-21.99136],[-47.862973,-21.991379],[-47.862998,-21.991399],[-47.863026,-21.991404],[-47.863048,-21.99137],[-47.863065,-21.991321],[-47.863113,-21.991296],[-47.863162,-21.991224],[-47.863227,-21.991183],[-47.863341,-21.991159],[-47.863406,-21.991127],[-47.863479,-21.991109],[-47.863641,-21.991119],[-47.863741,-21.991124],[-47.863809,-21.991091],[-47.863863,-21.991032],[-47.863918,-21.990977],[-47.863993,-21.990963],[-47.864095,-21.990965],[-47.864184,-21.990944],[-47.86424,-21.990923],[-47.864333,-21.990831],[-47.864409,-21.990767]]}},{"type":"Feature","properties":{"class":"stream","name":"Córrego Ponte da Taboa"},"geometry":{"type":"LineString","coordinates":[[-47.861322,-21.9981],[-47.86133,-21.998006],[-47.861625,-21.996961],[-47.861697,-21.996456],[-47.86188,-21.995828],[-47.862062,-21.995114],[-47.86207,-21.994226],[-47.862015,-21.99367],[-47.862012,-21.993537]]}},{"type":"Feature","properties":{"class":"stream","name":"Córrego Ponte da Taboa"},"geometry":{"type":"LineString","coordinates":[[-47.86201,-21.993427],[-47.862008,-21.993365],[-47.862051,-21.993101],[-47.86177,-21.992809],[-47.861449,-21.992641],[-47.861199,-21.992305],[-47.861096,-21.991939]]}},{"type":"Feature","properties":{"class":"water"},"geometry":{"type":"Polygon","coordinates":[[[-47.866373,-21.989057],[-47.866126,-21.989218],[-47.865908,-21.989527],[-47.865505,-21.989867],[-47.86513,-21.99008],[-47.864978,-21.990148],[-47.864798,-21.990269],[-47.8645,-21.990465],[-47.864352,-21.990635],[-47.864328,-21.990735],[-47.864409,-21.990767],[-47.864543,-21.990764],[-47.864727,-21.990696],[-47.864906,-21.990605],[-47.865064,-21.990479],[-47.865153,-21.990391],[-47.865156,-21.990305],[-47.865299,-21.990249],[-47.865436,-21.99018],[-47.86577,-21.99018],[-47.866162,-21.990112],[-47.86629,-21.99003],[-47.866329,-21.989935],[-47.866574,-21.989817],[-47.866633,-21.989753],[-47.866726,-21.989717],[-47.866707,-21.989557],[-47.8668,-21.989571],[-47.866937,-21.989598],[-47.867045,-21.989635],[-47.866869,-21.989721],[-47.866834,-21.989821],[-47.866893,-21.989862],[-47.867344,-21.989462],[-47.867521,-21.989253],[-47.86757,-21.98903],[-47.867526,-21.988807],[-47.867389,-21.988657],[-47.867286,-21.98857],[-47.867178,-21.988484],[-47.867138,-21.988452],[-47.86703,-21.988438],[-47.866643,-21.988636],[-47.866373,-21.989057]]]}},{"type":"Feature","properties":{"class":"river","name":"Rio Monjolinho"},"geometry":{"type":"LineString","coordinates":[[-47.864409,-21.990767],[-47.864439,-21.990706],[-47.864494,-21.990671],[-47.864586,-21.990641],[-47.864665,-21.990585],[-47.86484,-21.990424],[-47.865118,-21.990215],[-47.865553,-21.989998],[-47.866114,-21.989643],[-47.866551,-21.989252],[-47.867178,-21.988484],[-47.867313,-21.988348],[-47.867377,-21.988331],[-47.867429,-21.988348],[-47.867511,-21.988413],[-47.86768,-21.988412],[-47.867942,-21.988308],[-47.868118,-21.988174],[-47.86844,-21.987865],[-47.868674,-21.987641],[-47.868971,-21.987623],[-47.869795,-21.987463],[-47.870551,-21.98741],[-47.870839,-21.987455],[-47.871452,-21.987579],[-47.871883,-21.987543],[-47.872119,-21.987376],[-47.872209,-21.987312],[-47.872675,-21.986983],[-47.872995,-21.986778],[-47.874027,-21.986818]]}},{"type":"Feature","properties":{"class":"stream"},"geometry":{"type":"LineString","coordinates":[[-47.862012,-21.993537],[-47.86201,-21.993427]]}},{"type":"Feature","properties":{"class":"stream","name":"Córrego Ponte da Taboa"},"geometry":{"type":"LineString","coordinates":[[-47.86088,-22.008275],[-47.860794,-22.008094],[-47.860772,-22.007213],[-47.860893,-22.006058],[-47.861218,-22.004568],[-47.861431,-22.004167],[-47.861246,-22.0034],[-47.861062,-22.002704],[-47.861091,-22.001693],[-47.860878,-22.000991],[-47.861161,-21.999207],[-47.861309,-21.99825],[-47.861313,-21.998199]]}},{"type":"Feature","properties":{"class":"stream"},"geometry":{"type":"LineString","coordinates":[[-47.861313,-21.998199],[-47.861322,-21.9981]]}},{"type":"Feature","properties":{"class":"stream"},"geometry":{"type":"LineString","coordinates":[[-47.861153,-22.008879],[-47.86088,-22.008275]]}},{"type":"Feature","properties":{"class":"stream","name":"Córrego Ponte da Taboa"},"geometry":{"type":"LineString","coordinates":[[-47.861737,-22.010708],[-47.861428,-22.009764],[-47.861197,-22.008968],[-47.861153,-22.008879]]}},{"type":"Feature","properties":{"class":"stream","name":"Córrego Sorregotti ou Invernada"},"geometry":{"type":"LineString","coordinates":[[-47.857374,-22.019076],[-47.857626,-22.01953]]}},{"type":"Feature","properties":{"class":"stream","name":"Córrego Sorregotti"},"geometry":{"type":"LineString","coordinates":[[-47.857626,-22.01953],[-47.85825,-22.019803]]}},{"type":"Feature","properties":{"class":"stream","name":"Córrego Sorregotti ou Invernada"},"geometry":{"type":"LineString","coordinates":[[-47.85825,-22.019803],[-47.85943,-22.020703],[-47.85959,-22.020794],[-47.859908,-22.020976],[-47.860297,-22.021114],[-47.860506,-22.021169],[-47.86082,-22.021195],[-47.861065,-22.021185],[-47.861415,-22.021155],[-47.862078,-22.021089],[-47.862647,-22.021],[-47.86328,-22.020816],[-47.863789,-22.020542],[-47.864156,-22.020389],[-47.86469,-22.020333],[-47.865074,-22.020335],[-47.865337,-22.020345],[-47.865833,-22.020428],[-47.866613,-22.020568],[-47.866804,-22.020612],[-47.866967,-22.020643],[-47.867249,-22.020796],[-47.867409,-22.020935],[-47.867512,-22.021025],[-47.86777,-22.021204],[-47.867973,-22.021348],[-47.868199,-22.021502],[-47.868287,-22.021586],[-47.868451,-22.021741],[-47.868655,-22.021945],[-47.8687,-22.022006],[-47.868923,-22.022308],[-47.86903,-22.022477],[-47.869215,-22.022841],[-47.86938,-22.023153],[-47.869521,-22.023418],[-47.869597,-22.023521],[-47.869803,-22.0238],[-47.870151,-22.024272],[-47.870345,-22.024516],[-47.870535,-22.024731],[-47.870765,-22.02492],[-47.870929,-22.025082],[-47.871034,-22.025258],[-47.871289,-22.025679]]}},{"type":"Feature","properties":{"class":"stream","name":"Córrego do Lazarini"},"geometry":{"type":"LineString","coordinates":[[-47.869483,-22.011865],[-47.869171,-22.012836],[-47.869713,-22.01333],[-47.869265,-22.014586],[-47.868875,-22.014752],[-47.86859,-22.015641],[-47.86896,-22.01623],[-47.86963,-22.016936],[-47.870094,-22.017679],[-47.870753,-22.018229],[-47.870841,-22.018301]]}},{"type":"Feature","properties":{"class":"stream"},"geometry":{"type":"LineString","coordinates":[[-47.868247,-22.011985],[-47.868369,-22.012136],[-47.868642,-22.013127],[-47.869007,-22.013802],[-47.869025,-22.014399],[-47.868875,-22.014752]]}},{"type":"Feature","properties":{"class":"stream"},"geometry":{"type":"LineString","coordinates":[[-47.87533,-22.010302],[-47.875426,-22.01026]]}},{"type":"Feature","properties":{"class":"stream","name":"Córrego do Tijuco Preto"},"geometry":{"type":"LineString","coordinates":[[-47.874705,-22.010374],[-47.875063,-22.010438],[-47.87533,-22.010302]]}},{"type":"Feature","properties":{"class":"stream","name":"Córrego do Gregório"},"geometry":{"type":"LineString","coordinates":[[-47.884566,-22.021172],[-47.88487,-22.021131]]}},{"type":"Feature","properties":{"class":"stream","name":"Córrego do Gregório"},"geometry":{"type":"LineString","coordinates":[[-47.882001,-22.022634],[-47.882167,-22.022317],[-47.882383,-22.022009],[-47.882567,-22.021802],[-47.882943,-22.0216],[-47.88352,-22.021385],[-47.883973,-22.021269],[-47.884566,-22.021172]]}},{"type":"Feature","properties":{"class":"stream","name":"Córrego do Gregório"},"geometry":{"type":"LineString","coordinates":[[-47.881786,-22.022944],[-47.882001,-22.022634]]}},{"type":"Feature","properties":{"class":"stream","name":"Córrego do Lazarini"},"geometry":{"type":"LineString","coordinates":[[-47.877908,-22.022467],[-47.877982,-22.022493],[-47.878339,-22.022906],[-47.878628,-22.023124],[-47.878755,-22.023305],[-47.879446,-22.024299]]}},{"type":"Feature","properties":{"class":"stream","name":"Córrego do Gregório"},"geometry":{"type":"LineString","coordinates":[[-47.877473,-22.025158],[-47.879564,-22.024468],[-47.880595,-22.02409],[-47.880826,-22.024081],[-47.880952,-22.024061],[-47.881041,-22.024032],[-47.881133,-22.023983],[-47.881224,-22.023904],[-47.881299,-22.023824],[-47.881463,-22.023586],[-47.881633,-22.023265],[-47.881786,-22.022944]]}},{"type":"Feature","properties":{"class":"stream","name":"Córrego Lazarini"},"geometry":{"type":"LineString","coordinates":[[-47.879446,-22.024299],[-47.879481,-22.02434],[-47.879564,-22.024468]]}},{"type":"Feature","properties":{"class":"stream","name":"Córrego do Gregório"},"geometry":{"type":"LineString","coordinates":[[-47.87731,-22.025228],[-47.877473,-22.025158]]}},{"type":"Feature","properties":{"class":"stream","name":"Córrego do Gregório"},"geometry":{"type":"LineString","coordinates":[[-47.874218,-22.026206],[-47.874412,-22.026155],[-47.874696,-22.026091],[-47.87502,-22.026008],[-47.875702,-22.025792],[-47.876367,-22.025532],[-47.877031,-22.025316],[-47.87731,-22.025228]]}},{"type":"Feature","properties":{"class":"stream"},"geometry":{"type":"LineString","coordinates":[[-47.877807,-22.022432],[-47.877908,-22.022467]]}},{"type":"Feature","properties":{"class":"stream","name":"Córrego do Lazarini"},"geometry":{"type":"LineString","coordinates":[[-47.876837,-22.021348],[-47.877027,-22.021715],[-47.87723,-22.022144],[-47.877766,-22.022418],[-47.877807,-22.022432]]}},{"type":"Feature","properties":{"class":"stream"},"geometry":{"type":"LineString","coordinates":[[-47.876788,-22.021252],[-47.876837,-22.021348]]}},{"type":"Feature","properties":{"class":"stream","name":"Córrego do Lazarini"},"geometry":{"type":"LineString","coordinates":[[-47.876075,-22.020395],[-47.876626,-22.020939],[-47.876788,-22.021252]]}},{"type":"Feature","properties":{"class":"stream"},"geometry":{"type":"LineString","coordinates":[[-47.876016,-22.020337],[-47.876075,-22.020395]]}},{"type":"Feature","properties":{"class":"stream","name":"Córrego do Lazarini"},"geometry":{"type":"LineString","coordinates":[[-47.870923,-22.018367],[-47.870977,-22.018411],[-47.871973,-22.018699],[-47.872624,-22.018843],[-47.873217,-22.018997],[-47.873647,-22.019094],[-47.874179,-22.019233],[-47.874467,-22.019342],[-47.874669,-22.019391],[-47.875062,-22.019513],[-47.875387,-22.019716],[-47.876016,-22.020337]]}},{"type":"Feature","properties":{"class":"stream"},"geometry":{"type":"LineString","coordinates":[[-47.870841,-22.018301],[-47.870923,-22.018367]]}},{"type":"Feature","properties":{"class":"stream","name":"Córrego do Gregório"},"geometry":{"type":"LineString","coordinates":[[-47.86944,-22.029048],[-47.869884,-22.028493],[-47.870936,-22.027544]]}},{"type":"Feature","properties":{"class":"stream","name":"Córrego do Gregório"},"geometry":{"type":"LineString","coordinates":[[-47.870936,-22.027544],[-47.871568,-22.027006]]}},{"type":"Feature","properties":{"class":"stream","name":"Córrego do Gregório"},"geometry":{"type":"LineString","coordinates":[[-47.871568,-22.027006],[-47.871827,-22.026745]]}},{"type":"Feature","properties":{"class":"stream","name":"Córrego Sorregotti"},"geometry":{"type":"LineString","coordinates":[[-47.871289,-22.025679],[-47.871381,-22.026055],[-47.871454,-22.026306],[-47.871827,-22.026745]]}},{"type":"Feature","properties":{"class":"stream","name":"Córrego do Gregório"},"geometry":{"type":"LineString","coordinates":[[-47.871827,-22.026745],[-47.872431,-22.026532],[-47.87356,-22.02632],[-47.874218,-22.026206]]}},{"type":"Feature","properties":{"class":"stream","name":"Córrego do Gregório"},"geometry":{"type":"LineString","coordinates":[[-47.864757,-22.032849],[-47.865652,-22.032703],[-47.867052,-22.031999],[-47.868218,-22.031365],[-47.868435,-22.031073]]}},{"type":"Feature","properties":{"class":"stream","name":"Córrego do Gregório"},"geometry":{"type":"LineString","coordinates":[[-47.868435,-22.031073],[-47.868616,-22.030788]]}},{"type":"Feature","properties":{"class":"stream","name":"Córrego do Gregório"},"geometry":{"type":"LineString","coordinates":[[-47.868616,-22.030788],[-47.869322,-22.029216]]}},{"type":"Feature","properties":{"class":"stream","name":"Córrego do Gregório"},"geometry":{"type":"LineString","coordinates":[[-47.869322,-22.029216],[-47.86944,-22.029048]]}},{"type":"Feature","properties":{"class":"stream","name":"Córrego do Gregório"},"geometry":{"type":"LineString","coordinates":[[-47.864576,-22.032879],[-47.864757,-22.032849]]}},{"type":"Feature","properties":{"class":"stream","name":"Córrego do Gregório"},"geometry":{"type":"LineString","coordinates":[[-47.860711,-22.033244],[-47.862054,-22.033308],[-47.863004,-22.033179],[-47.86403,-22.032968],[-47.864576,-22.032879]]}},{"type":"Feature","properties":{"class":"stream","name":"Córrego do Gregório"},"geometry":{"type":"LineString","coordinates":[[-47.85984,-22.03313],[-47.860444,-22.033209],[-47.860711,-22.033244]]}},{"type":"Feature","properties":{"class":"stream"},"geometry":{"type":"LineString","coordinates":[[-47.856957,-22.042243],[-47.856879,-22.042715],[-47.856527,-22.043042],[-47.855978,-22.043333],[-47.855704,-22.043641],[-47.855479,-22.044091]]}},{"type":"Feature","properties":{"class":"stream"},"geometry":{"type":"LineString","coordinates":[[-47.846368,-22.026236],[-47.847708,-22.026388],[-47.848423,-22.026358],[-47.848899,-22.026254],[-47.849487,-22.026475],[-47.850033,-22.026671]]}},{"type":"Feature","properties":{"class":"stream","name":"Córrego do Gregório"},"geometry":{"type":"LineString","coordinates":[[-47.839825,-22.034876],[-47.841352,-22.035032],[-47.841932,-22.034973],[-47.842654,-22.034757],[-47.843419,-22.034369],[-47.843837,-22.034212],[-47.844806,-22.033602],[-47.846095,-22.03288],[-47.847553,-22.032171],[-47.8482,-22.031794],[-47.848478,-22.031712],[-47.848944,-22.031794],[-47.849626,-22.031973],[-47.850647,-22.032194],[-47.851643,-22.03241],[-47.85206,-22.032441],[-47.85257,-22.032493],[-47.853681,-22.032651],[-47.854035,-22.032802],[-47.854283,-22.0329],[-47.854644,-22.032874],[-47.854955,-22.032729],[-47.855224,-22.032697],[-47.85567,-22.032697],[-47.856442,-22.032579],[-47.856841,-22.032533],[-47.857022,-22.032513],[-47.857829,-22.032552],[-47.858502,-22.032664],[-47.858962,-22.032815],[-47.85984,-22.03313]]}},{"type":"Feature","properties":{"class":"stream"},"geometry":{"type":"LineString","coordinates":[[-47.850902,-22.020574],[-47.850644,-22.024006],[-47.850419,-22.025229],[-47.850033,-22.026671],[-47.850542,-22.027636],[-47.85161,-22.028581],[-47.852833,-22.029133],[-47.854737,-22.030127],[-47.855923,-22.030923],[-47.856556,-22.03141],[-47.856687,-22.031644],[-47.85662,-22.031915],[-47.856677,-22.032139],[-47.856841,-22.032533]]}},{"type":"Feature","properties":{"class":"stream","name":"Córrego Douradinho"},"geometry":{"type":"LineString","coordinates":[[-47.845022,-22.015513],[-47.845089,-22.015001],[-47.845095,-22.014387],[-47.844985,-22.013677],[-47.844912,-22.012995],[-47.844636,-22.011966],[-47.844482,-22.011681],[-47.844396,-22.011329],[-47.843955,-22.010363],[-47.843489,-22.009351],[-47.843317,-22.009004],[-47.843133,-22.008203],[-47.843041,-22.007253],[-47.842937,-22.00619],[-47.842907,-22.005957],[-47.842729,-22.005525],[-47.842667,-22.005298],[-47.84252,-22.004922],[-47.842434,-22.004598],[-47.842073,-22.003786],[-47.842011,-22.003569],[-47.842036,-22.003365],[-47.841987,-22.003149],[-47.84184,-22.002876],[-47.841748,-22.002632],[-47.841625,-22.002353],[-47.841484,-22.002012],[-47.841355,-22.001688],[-47.841242,-22.00128]]}},{"type":"Feature","properties":{"class":"stream","name":"Córrego do Monjolinho"},"geometry":{"type":"LineString","coordinates":[[-47.838545,-22.028326],[-47.838894,-22.027934],[-47.839335,-22.027287],[-47.839703,-22.026605],[-47.840089,-22.02531],[-47.840217,-22.024458],[-47.840181,-22.02347],[-47.839905,-22.022277],[-47.839537,-22.021119],[-47.839078,-22.020182],[-47.838526,-22.019227],[-47.837791,-22.017967],[-47.837387,-22.017506],[-47.837493,-22.016778],[-47.837534,-22.016501],[-47.837768,-22.014003],[-47.837657,-22.012434],[-47.837405,-22.01173],[-47.837001,-22.010401],[-47.836633,-22.009361],[-47.836597,-22.009159],[-47.836541,-22.00885],[-47.836633,-22.007947],[-47.836744,-22.006652],[-47.836688,-22.005834],[-47.836615,-22.00505],[-47.83656,-22.004318],[-47.83656,-22.003534],[-47.83667,-22.003091],[-47.836854,-22.002801],[-47.837203,-22.002239],[-47.837644,-22.001625],[-47.838104,-22.001165],[-47.838379,-22.000756],[-47.838467,-22.000411]]}},{"type":"Feature","properties":{"class":"stream"},"geometry":{"type":"LineString","coordinates":[[-47.83281,-22.025532],[-47.832773,-22.024748],[-47.832884,-22.023675],[-47.833233,-22.022584],[-47.833656,-22.021323],[-47.834244,-22.020011],[-47.835218,-22.018955],[-47.836247,-22.017915],[-47.837148,-22.017132],[-47.837493,-22.016778]]}},{"type":"Feature","properties":{"class":"stream"},"geometry":{"type":"LineString","coordinates":[[-47.829363,-22.017207],[-47.829862,-22.016455],[-47.830424,-22.015529],[-47.830903,-22.014448],[-47.83134,-22.013753],[-47.832214,-22.013155],[-47.833129,-22.012441],[-47.833983,-22.01167],[-47.834628,-22.011052],[-47.835294,-22.010377],[-47.835793,-22.009933],[-47.836168,-22.009489],[-47.836597,-22.009159]]}},{"type":"Feature","properties":{"class":"stream","name":"Córrego da Colônia"},"geometry":{"type":"LineString","coordinates":[[-47.833258,-22.032523],[-47.832384,-22.032067],[-47.831735,-22.031847],[-47.831336,-22.0317],[-47.831034,-22.031626],[-47.830819,-22.031559],[-47.830498,-22.031537],[-47.830174,-22.031572],[-47.82989,-22.031666],[-47.829588,-22.031702],[-47.82921,-22.031625],[-47.828922,-22.031566],[-47.828568,-22.031412],[-47.827965,-22.031177],[-47.827746,-22.031113],[-47.827549,-22.031095],[-47.827403,-22.031115],[-47.827318,-22.031138],[-47.82715,-22.031134],[-47.827029,-22.031151],[-47.826792,-22.03117],[-47.826491,-22.031113],[-47.826191,-22.03099],[-47.825947,-22.030863],[-47.825714,-22.030768],[-47.825531,-22.030681],[-47.825334,-22.030597],[-47.825045,-22.030608],[-47.824781,-22.030587],[-47.82446,-22.030371],[-47.823686,-22.029892],[-47.823291,-22.02959],[-47.822943,-22.029423],[-47.822629,-22.029274],[-47.822263,-22.029102],[-47.821956,-22.02902],[-47.821636,-22.028864],[-47.821361,-22.028735],[-47.821244,-22.028715],[-47.821149,-22.028622],[-47.820902,-22.028472],[-47.820447,-22.028345],[-47.819766,-22.028102],[-47.818947,-22.027948],[-47.818164,-22.027693],[-47.817526,-22.027523],[-47.816757,-22.027499],[-47.816551,-22.027576]]}},{"type":"Feature","properties":{"class":"stream"},"geometry":{"type":"LineString","coordinates":[[-47.832866,-22.035702],[-47.832637,-22.035258],[-47.83236,-22.035015],[-47.831804,-22.034781],[-47.831515,-22.034431],[-47.831357,-22.034297],[-47.831141,-22.034183],[-47.830792,-22.034027],[-47.830538,-22.033735],[-47.830432,-22.033396],[-47.830343,-22.033165],[-47.830197,-22.03291],[-47.830058,-22.032632],[-47.829801,-22.032119],[-47.82959,-22.032005],[-47.829377,-22.031789],[-47.829328,-22.031715],[-47.82921,-22.031625]]}},{"type":"Feature","properties":{"class":"stream"},"geometry":{"type":"LineString","coordinates":[[-47.833105,-22.036166],[-47.832922,-22.035811]]}},{"type":"Feature","properties":{"class":"stream"},"geometry":{"type":"LineString","coordinates":[[-47.832922,-22.035811],[-47.832866,-22.035702]]}},{"type":"Feature","properties":{"class":"stream"},"geometry":{"type":"LineString","coordinates":[[-47.830337,-22.042028],[-47.830161,-22.041639],[-47.829829,-22.041054],[-47.829574,-22.040434],[-47.829431,-22.040301]]}},{"type":"Feature","properties":{"class":"stream"},"geometry":{"type":"LineString","coordinates":[[-47.830734,-22.038344],[-47.830382,-22.038423],[-47.830106,-22.0385],[-47.829762,-22.038622],[-47.829212,-22.038911],[-47.828545,-22.039265],[-47.82812,-22.039276],[-47.827737,-22.039303],[-47.827122,-22.039231],[-47.826649,-22.03916],[-47.826197,-22.039202],[-47.825762,-22.039438],[-47.825401,-22.039559],[-47.824781,-22.039759],[-47.82418,-22.039994],[-47.823798,-22.039974],[-47.823388,-22.039939],[-47.823155,-22.039908],[-47.82294,-22.039841],[-47.822842,-22.039811],[-47.82272,-22.0398],[-47.82249,-22.039449],[-47.822246,-22.039377],[-47.82195,-22.039041],[-47.821818,-22.038792],[-47.821541,-22.038359],[-47.821222,-22.037962],[-47.821004,-22.03754],[-47.820792,-22.037287],[-47.820501,-22.037039],[-47.820344,-22.036827],[-47.820146,-22.036504],[-47.819945,-22.036244],[-47.81968,-22.035964],[-47.818827,-22.035653]]}},{"type":"Feature","properties":{"class":"stream","name":"Córrego da Fazenda Paraíso"},"geometry":{"type":"LineString","coordinates":[[-47.834738,-21.971408],[-47.834356,-21.970924],[-47.83378,-21.970634],[-47.833145,-21.970163],[-47.832364,-21.96978],[-47.83153,-21.969473],[-47.831016,-21.969343],[-47.829559,-21.969175]]}},{"type":"Feature","properties":{"class":"stream","name":"Córrego da Fazenda Paraíso"},"geometry":{"type":"LineString","coordinates":[[-47.834368,-21.978596],[-47.834489,-21.978345],[-47.834705,-21.978045],[-47.835003,-21.977656],[-47.835232,-21.977193],[-47.835381,-21.976667],[-47.835448,-21.976204],[-47.835448,-21.975765],[-47.835287,-21.975036],[-47.835243,-21.97452],[-47.835163,-21.973601],[-47.835105,-21.972936],[-47.834971,-21.972322],[-47.834801,-21.971716],[-47.834738,-21.971408]]}},{"type":"Feature","properties":{"class":"stream"},"geometry":{"type":"LineString","coordinates":[[-47.830599,-22.006046],[-47.830454,-22.005245],[-47.830445,-22.004609],[-47.830501,-22.00405],[-47.830711,-22.003158],[-47.830884,-22.002535],[-47.831286,-22.001928],[-47.831785,-22.001396],[-47.832449,-22.001054],[-47.833205,-22.000898],[-47.834032,-22.000772],[-47.834653,-22.000677],[-47.835167,-22.000751],[-47.835844,-22.001028],[-47.836488,-22.001166],[-47.837091,-22.001093],[-47.837623,-22.000833],[-47.837977,-22.000505],[-47.83806,-22.000504]]}},{"type":"Feature","properties":{"class":"stream"},"geometry":{"type":"LineString","coordinates":[[-47.832506,-21.992516],[-47.833343,-21.992869],[-47.834014,-21.993526],[-47.836665,-21.994866],[-47.837359,-21.995233],[-47.837524,-21.995531]]}},{"type":"Feature","properties":{"class":"stream","name":"Córrego Dois Portões"},"geometry":{"type":"LineString","coordinates":[[-47.840039,-21.985514],[-47.839933,-21.986083],[-47.839904,-21.986563],[-47.839976,-21.987355],[-47.840056,-21.98777],[-47.84016,-21.987918],[-47.840516,-21.988248],[-47.840908,-21.988879],[-47.841025,-21.989112],[-47.841429,-21.989601],[-47.841779,-21.989919],[-47.842036,-21.9903],[-47.842269,-21.990738],[-47.842711,-21.991176],[-47.842864,-21.991472],[-47.843079,-21.991943],[-47.843808,-21.992847],[-47.844041,-21.993154],[-47.844213,-21.993444],[-47.84436,-21.993734],[-47.844569,-21.99403],[-47.844857,-21.994394],[-47.844985,-21.994786],[-47.845053,-21.995082],[-47.845169,-21.995411],[-47.845344,-21.995718]]}},{"type":"Feature","properties":{"class":"stream"},"geometry":{"type":"LineString","coordinates":[[-47.843114,-21.997181],[-47.843333,-21.997079],[-47.843563,-21.996937],[-47.84377,-21.996937],[-47.843893,-21.997044],[-47.84413,-21.997044],[-47.844391,-21.997022],[-47.844583,-21.99698],[-47.845027,-21.996928]]}},{"type":"Feature","properties":{"class":"stream"},"geometry":{"type":"LineString","coordinates":[[-47.843009,-21.997229],[-47.843114,-21.997181]]}},{"type":"Feature","properties":{"class":"stream","name":"Córrego do Monjolinho"},"geometry":{"type":"LineString","coordinates":[[-47.84043,-21.998583],[-47.840582,-21.998607],[-47.840781,-21.998493],[-47.841287,-21.998181],[-47.841402,-21.998024],[-47.841624,-21.997882],[-47.841847,-21.997768],[-47.842138,-21.99764],[-47.842368,-21.997562],[-47.842575,-21.997484],[-47.842713,-21.997385],[-47.842935,-21.997264],[-47.843009,-21.997229]]}},{"type":"Feature","properties":{"class":"stream"},"geometry":{"type":"LineString","coordinates":[[-47.838966,-21.997364],[-47.839072,-21.997605],[-47.839287,-21.997804],[-47.839409,-21.997939],[-47.839563,-21.998117],[-47.839754,-21.998358],[-47.839961,-21.998486],[-47.840211,-21.998545]]}},{"type":"Feature","properties":{"class":"water"},"geometry":{"type":"Polygon","coordinates":[[[-47.837681,-21.995486],[-47.837583,-21.995495],[-47.837524,-21.995531],[-47.83749,-21.995604],[-47.837509,-21.995686],[-47.837495,-21.995781],[-47.837485,-21.995836],[-47.837514,-21.995895],[-47.837554,-21.995986],[-47.837568,-21.996059],[-47.837622,-21.996164],[-47.837647,-21.996241],[-47.83773,-21.996268],[-47.837872,-21.996159],[-47.838001,-21.996052],[-47.838203,-21.995884],[-47.838137,-21.995826],[-47.838075,-21.995778],[-47.838005,-21.995718],[-47.837917,-21.995695],[-47.837848,-21.995659],[-47.837809,-21.995622],[-47.83773,-21.995513],[-47.837681,-21.995486]]]}},{"type":"Feature","properties":{"class":"stream"},"geometry":{"type":"LineString","coordinates":[[-47.838001,-21.996052],[-47.838055,-21.996111],[-47.838536,-21.996667],[-47.838566,-21.996766]]}},{"type":"Feature","properties":{"class":"water"},"geometry":{"type":"Polygon","coordinates":[[[-47.838966,-21.997364],[-47.83905,-21.997287],[-47.839089,-21.997214],[-47.83902,-21.997105],[-47.838956,-21.997059],[-47.838853,-21.996964],[-47.83878,-21.996891],[-47.838682,-21.996791],[-47.838613,-21.996741],[-47.838566,-21.996766],[-47.83852,-21.996791],[-47.838505,-21.996837],[-47.838544,-21.996923],[-47.838613,-21.997005],[-47.838638,-21.99716],[-47.838697,-21.997282],[-47.838804,-21.997469],[-47.838966,-21.997364]]]}},{"type":"Feature","properties":{"class":"stream"},"geometry":{"type":"LineString","coordinates":[[-47.84043,-21.998583],[-47.840211,-21.998545]]}},{"type":"Feature","properties":{"class":"stream"},"geometry":{"type":"LineString","coordinates":[[-47.840556,-21.998757],[-47.840582,-21.998607]]}},{"type":"Feature","properties":{"class":"stream"},"geometry":{"type":"LineString","coordinates":[[-47.840537,-21.998865],[-47.840556,-21.998757]]}},{"type":"Feature","properties":{"class":"stream"},"geometry":{"type":"LineString","coordinates":[[-47.840754,-21.9998],[-47.840704,-21.999665],[-47.84063,-21.999531],[-47.840551,-21.999382],[-47.840544,-21.999251],[-47.840517,-21.998985],[-47.840537,-21.998865]]}},{"type":"Feature","properties":{"class":"stream","name":"Córrego do Monjolinho"},"geometry":{"type":"LineString","coordinates":[[-47.83818,-22.000503],[-47.838393,-22.0005],[-47.838467,-22.000411],[-47.838866,-21.999928],[-47.839211,-21.999438],[-47.839552,-21.999131],[-47.839938,-21.998984],[-47.840285,-21.999014],[-47.840517,-21.998985]]}},{"type":"Feature","properties":{"class":"water"},"geometry":{"type":"Polygon","coordinates":[[[-47.841242,-22.00128],[-47.841228,-22.001194],[-47.841198,-22.001075],[-47.841164,-22.000971],[-47.841174,-22.000866],[-47.841188,-22.000757],[-47.841179,-22.000652],[-47.841129,-22.00052],[-47.841144,-22.000393],[-47.841129,-22.000279],[-47.84111,-22.000129],[-47.84111,-22.000007],[-47.841149,-21.999825],[-47.841115,-21.999725],[-47.841071,-21.999688],[-47.840948,-21.999702],[-47.840879,-21.999734],[-47.840816,-21.99977],[-47.840754,-21.9998],[-47.840713,-21.99982],[-47.840619,-21.999856],[-47.840511,-21.999929],[-47.840364,-21.999947],[-47.840281,-22.000034],[-47.840379,-22.000134],[-47.840507,-22.000166],[-47.84059,-22.000243],[-47.840644,-22.000389],[-47.840747,-22.000584],[-47.840914,-22.000912],[-47.841125,-22.001289],[-47.841242,-22.00128]]]}},{"type":"Feature","properties":{"class":"stream"},"geometry":{"type":"LineString","coordinates":[[-47.83806,-22.000504],[-47.83818,-22.000503]]}},{"type":"Feature","properties":{"class":"stream","name":"Córrego São Rafael"},"geometry":{"type":"LineString","coordinates":[[-47.852898,-22.014366],[-47.852883,-22.013946],[-47.852824,-22.012889],[-47.852834,-22.012511],[-47.852618,-22.012021],[-47.852607,-22.01193],[-47.852628,-22.011871],[-47.852649,-22.011814],[-47.852631,-22.011746],[-47.852608,-22.011644],[-47.852571,-22.011499],[-47.852335,-22.011078],[-47.852015,-22.010674],[-47.852074,-22.009946],[-47.852045,-22.009692],[-47.852098,-22.008433],[-47.852035,-22.008109],[-47.851937,-22.007389],[-47.851862,-22.007127],[-47.85176,-22.006905],[-47.851674,-22.006497],[-47.85154,-22.006319],[-47.851387,-22.006115],[-47.851207,-22.005919],[-47.850967,-22.005737],[-47.850646,-22.00545],[-47.850257,-22.005126],[-47.850155,-22.004977],[-47.850061,-22.004766],[-47.849774,-22.004162],[-47.849716,-22.004027],[-47.849641,-22.003896],[-47.849531,-22.003616],[-47.849386,-22.00311],[-47.849049,-22.002252],[-47.849065,-22.00203],[-47.849115,-22.00146],[-47.849177,-22.00112],[-47.849094,-22.000735],[-47.849069,-22.000389],[-47.848994,-21.999887],[-47.84897,-21.999636],[-47.848951,-21.999282],[-47.848927,-21.999058],[-47.848941,-21.998916],[-47.848906,-21.998736],[-47.848935,-21.998526],[-47.848945,-21.998288],[-47.848951,-21.99795],[-47.849039,-21.997616],[-47.849051,-21.997452],[-47.849115,-21.997143],[-47.849137,-21.99678],[-47.849089,-21.995997]]}},{"type":"Feature","properties":{"class":"water"},"geometry":{"type":"Polygon","coordinates":[[[-47.847994,-21.995618],[-47.847754,-21.995654],[-47.84718,-21.995759],[-47.846812,-21.995764],[-47.846532,-21.995873],[-47.846523,-21.996032],[-47.846557,-21.996241],[-47.84665,-21.996414],[-47.846807,-21.996446],[-47.847052,-21.996387],[-47.847229,-21.996387],[-47.847376,-21.996368],[-47.847548,-21.99635],[-47.847695,-21.996332],[-47.847852,-21.996273],[-47.847994,-21.996209],[-47.848225,-21.996159],[-47.848431,-21.996137],[-47.848453,-21.996032],[-47.848465,-21.995973],[-47.84848,-21.9958],[-47.848475,-21.995668],[-47.848367,-21.995573],[-47.847994,-21.995618]]]}},{"type":"Feature","properties":{"class":"water"},"geometry":{"type":"Polygon","coordinates":[[[-47.846464,-21.996541],[-47.846405,-21.996305],[-47.846397,-21.996258],[-47.84638,-21.996164],[-47.846302,-21.995973],[-47.846223,-21.995905],[-47.846012,-21.995905],[-47.845596,-21.995964],[-47.845532,-21.995886],[-47.845424,-21.995682],[-47.845344,-21.995718],[-47.845242,-21.995764],[-47.845193,-21.995877],[-47.845144,-21.995996],[-47.845056,-21.996187],[-47.844953,-21.996305],[-47.84483,-21.996423],[-47.844713,-21.996623],[-47.844865,-21.996696],[-47.844963,-21.996823],[-47.845027,-21.996928],[-47.845311,-21.996878],[-47.845586,-21.996828],[-47.845743,-21.99681],[-47.845865,-21.99676],[-47.846022,-21.996741],[-47.846248,-21.996728],[-47.846488,-21.996641],[-47.846464,-21.996541]]]}},{"type":"Feature","properties":{"class":"stream"},"geometry":{"type":"LineString","coordinates":[[-47.846541,-21.996243],[-47.846557,-21.996241]]}},{"type":"Feature","properties":{"class":"stream"},"geometry":{"type":"LineString","coordinates":[[-47.846397,-21.996258],[-47.846424,-21.996255]]}},{"type":"Feature","properties":{"class":"stream"},"geometry":{"type":"LineString","coordinates":[[-47.846424,-21.996255],[-47.846541,-21.996243]]}},{"type":"Feature","properties":{"class":"stream"},"geometry":{"type":"LineString","coordinates":[[-47.849859,-21.982636],[-47.849884,-21.982673],[-47.850454,-21.983751],[-47.85063,-21.984119],[-47.8509,-21.984738],[-47.851351,-21.986039],[-47.851503,-21.986521],[-47.851778,-21.987235],[-47.85193,-21.987908],[-47.852116,-21.988408],[-47.852322,-21.988954],[-47.852774,-21.98965],[-47.853034,-21.990055],[-47.853372,-21.990519],[-47.854088,-21.991683],[-47.854466,-21.992329],[-47.854824,-21.992961],[-47.85543,-21.993495]]}},{"type":"Feature","properties":{"class":"water"},"geometry":{"type":"Polygon","coordinates":[[[-47.849972,-21.982503],[-47.84992,-21.982421],[-47.849948,-21.982268],[-47.849866,-21.982227],[-47.849791,-21.982196],[-47.849677,-21.98213],[-47.849556,-21.982034],[-47.849438,-21.982086],[-47.849398,-21.982104],[-47.849309,-21.982158],[-47.849289,-21.982222],[-47.849325,-21.982287],[-47.849398,-21.982401],[-47.8494,-21.982501],[-47.84945,-21.982548],[-47.849548,-21.982626],[-47.849661,-21.982721],[-47.849823,-21.982661],[-47.849859,-21.982636],[-47.849982,-21.982546],[-47.849972,-21.982503]]]}},{"type":"Feature","properties":{"class":"stream"},"geometry":{"type":"LineString","coordinates":[[-47.846219,-21.978098],[-47.846388,-21.97824],[-47.846549,-21.978503],[-47.846924,-21.978981],[-47.847344,-21.979229],[-47.847767,-21.97972],[-47.847854,-21.979924],[-47.848078,-21.98024],[-47.848662,-21.980891],[-47.848695,-21.981099],[-47.849029,-21.981611],[-47.849144,-21.981793],[-47.849438,-21.982086]]}},{"type":"Feature","properties":{"class":"water"},"geometry":{"type":"Polygon","coordinates":[[[-47.85252,-21.963189],[-47.852509,-21.963082],[-47.852444,-21.962922],[-47.85234,-21.962733],[-47.852275,-21.962565],[-47.852067,-21.961992],[-47.85196,-21.961793],[-47.851629,-21.962099],[-47.851745,-21.96217],[-47.851772,-21.962259],[-47.851841,-21.962444],[-47.851941,-21.962694],[-47.852083,-21.962847],[-47.852282,-21.963],[-47.852413,-21.963217],[-47.85252,-21.963189]]]}},{"type":"Feature","properties":{"class":"stream","name":"Córrego do Canchim"},"geometry":{"type":"LineString","coordinates":[[-47.853206,-21.964863],[-47.852884,-21.964096],[-47.852519,-21.963728],[-47.851775,-21.961839],[-47.851319,-21.961382],[-47.850823,-21.960648],[-47.850405,-21.96007],[-47.850312,-21.959817],[-47.850097,-21.95953],[-47.849755,-21.959301],[-47.849338,-21.959044],[-47.848931,-21.958884],[-47.848315,-21.95866],[-47.848035,-21.958495],[-47.847417,-21.958238],[-47.846861,-21.958206],[-47.846458,-21.958223],[-47.846138,-21.958103],[-47.845647,-21.957824],[-47.843222,-21.95682],[-47.842455,-21.956467],[-47.842083,-21.956268],[-47.841826,-21.956059],[-47.841428,-21.955698],[-47.840931,-21.95485],[-47.840853,-21.954687]]}},{"type":"Feature","properties":{"class":"water"},"geometry":{"type":"Polygon","coordinates":[[[-47.841146,-21.954521],[-47.841096,-21.954514],[-47.841053,-21.954523],[-47.840901,-21.954623],[-47.840869,-21.954677],[-47.840801,-21.954718],[-47.840716,-21.954794],[-47.840671,-21.954836],[-47.84066,-21.954873],[-47.840657,-21.954907],[-47.840631,-21.954933],[-47.840602,-21.954962],[-47.840609,-21.954987],[-47.840644,-21.954995],[-47.840704,-21.955021],[-47.840747,-21.955041],[-47.84079,-21.955095],[-47.840923,-21.955222],[-47.840983,-21.95526],[-47.841022,-21.955273],[-47.841056,-21.955263],[-47.841087,-21.95527],[-47.841123,-21.9553],[-47.84117,-21.955332],[-47.841222,-21.955316],[-47.841256,-21.955314],[-47.841296,-21.955346],[-47.841343,-21.95536],[-47.841361,-21.955377],[-47.8414,-21.955427],[-47.841442,-21.955436],[-47.84145,-21.955447],[-47.841445,-21.955478],[-47.841458,-21.955488],[-47.841477,-21.955478],[-47.841474,-21.955443],[-47.841461,-21.955421],[-47.841435,-21.955403],[-47.841419,-21.955345],[-47.841423,-21.955288],[-47.841437,-21.955268],[-47.841462,-21.955252],[-47.841488,-21.95526],[-47.841505,-21.955278],[-47.841522,-21.955274],[-47.841525,-21.955243],[-47.841482,-21.955179],[-47.841415,-21.955069],[-47.841382,-21.954982],[-47.841249,-21.954775],[-47.841218,-21.954717],[-47.841198,-21.954638],[-47.841202,-21.954596],[-47.841195,-21.954564],[-47.841146,-21.954521]]]}},{"type":"Feature","properties":{"class":"stream","name":"Córrego do Canchim"},"geometry":{"type":"LineString","coordinates":[[-47.840853,-21.954687],[-47.840813,-21.954603]]}},{"type":"Feature","properties":{"class":"stream"},"geometry":{"type":"LineString","coordinates":[[-47.838556,-21.955952],[-47.838523,-21.955867]]}},{"type":"Feature","properties":{"class":"stream"},"geometry":{"type":"LineString","coordinates":[[-47.842715,-21.965678],[-47.842459,-21.965478],[-47.842216,-21.965403],[-47.84196,-21.965165],[-47.841528,-21.964539],[-47.84111,-21.964339],[-47.840529,-21.963814],[-47.840098,-21.96305],[-47.839841,-21.961862],[-47.839774,-21.960272],[-47.839706,-21.959684],[-47.839585,-21.958646],[-47.838556,-21.955952]]}},{"type":"Feature","properties":{"class":"stream"},"geometry":{"type":"LineString","coordinates":[[-47.832155,-21.95263],[-47.832262,-21.952446],[-47.832384,-21.952078],[-47.832353,-21.95161],[-47.832201,-21.951213],[-47.83217,-21.950902],[-47.832115,-21.950421]]}},{"type":"Feature","properties":{"class":"stream"},"geometry":{"type":"LineString","coordinates":[[-47.838523,-21.955867],[-47.838452,-21.95568],[-47.8384,-21.954963],[-47.838232,-21.954693],[-47.837774,-21.954226],[-47.837438,-21.953787],[-47.837087,-21.953206],[-47.836934,-21.952795],[-47.836873,-21.95237],[-47.836781,-21.952015],[-47.836582,-21.951775],[-47.836369,-21.951505],[-47.836292,-21.951194],[-47.836078,-21.950811],[-47.83591,-21.950499],[-47.835814,-21.950279]]}},{"type":"Feature","properties":{"class":"stream"},"geometry":{"type":"LineString","coordinates":[[-47.835811,-21.945219],[-47.835739,-21.945262],[-47.835708,-21.94616],[-47.835655,-21.946667],[-47.835697,-21.947094],[-47.835846,-21.947695],[-47.835846,-21.948008],[-47.835724,-21.94822],[-47.835428,-21.948458],[-47.835212,-21.948934],[-47.835198,-21.949447],[-47.835212,-21.949847],[-47.835063,-21.950135],[-47.83498,-21.950321]]}},{"type":"Feature","properties":{"class":"stream"},"geometry":{"type":"LineString","coordinates":[[-47.835908,-21.945161],[-47.835811,-21.945219]]}},{"type":"Feature","properties":{"class":"water"},"geometry":{"type":"Polygon","coordinates":[[[-47.834429,-21.942747],[-47.834386,-21.943623],[-47.834601,-21.94434],[-47.835609,-21.944877],[-47.835908,-21.945161],[-47.836124,-21.944956],[-47.836321,-21.943767],[-47.836317,-21.942906],[-47.836189,-21.941991],[-47.835931,-21.941832],[-47.835371,-21.94185],[-47.834874,-21.942161],[-47.834618,-21.942509],[-47.834429,-21.942747]]]}},{"type":"Feature","properties":{"class":"stream"},"geometry":{"type":"LineString","coordinates":[[-47.83049,-21.946807],[-47.830291,-21.94709],[-47.830321,-21.947373],[-47.83026,-21.9476],[-47.830123,-21.947968],[-47.829878,-21.948408],[-47.829886,-21.948713]]}},{"type":"Feature","properties":{"class":"stream"},"geometry":{"type":"LineString","coordinates":[[-47.83301,-21.946977],[-47.832781,-21.947019],[-47.832384,-21.947189],[-47.832155,-21.947416],[-47.83188,-21.94777],[-47.831391,-21.948351],[-47.83104,-21.948762],[-47.830712,-21.948969]]}},{"type":"Feature","properties":{"class":"stream","name":"Córrego do Canchim"},"geometry":{"type":"LineString","coordinates":[[-47.840813,-21.954603],[-47.840386,-21.954043],[-47.840122,-21.953409],[-47.839689,-21.952807],[-47.839122,-21.952108],[-47.838882,-21.951691],[-47.838763,-21.951262],[-47.838745,-21.951022],[-47.838642,-21.950736],[-47.838147,-21.950429],[-47.837814,-21.950235],[-47.837469,-21.950206],[-47.836928,-21.950158],[-47.836854,-21.950152],[-47.83611,-21.950143],[-47.835814,-21.950279],[-47.83498,-21.950321],[-47.834867,-21.95046],[-47.834551,-21.950719],[-47.834273,-21.950806],[-47.833984,-21.950765],[-47.833781,-21.950576],[-47.833595,-21.950298],[-47.833273,-21.950142],[-47.832965,-21.950174],[-47.832645,-21.950264],[-47.832356,-21.950392],[-47.832115,-21.950421],[-47.832009,-21.950378],[-47.831576,-21.949912],[-47.831279,-21.94979],[-47.83109,-21.949468],[-47.830712,-21.948969],[-47.830414,-21.948704],[-47.830088,-21.948676],[-47.829886,-21.948713],[-47.829707,-21.948746],[-47.829161,-21.948836],[-47.828994,-21.948672],[-47.828774,-21.948425],[-47.828709,-21.948352],[-47.828452,-21.948352],[-47.828142,-21.948227],[-47.827942,-21.9478],[-47.827734,-21.9475],[-47.827608,-21.947355],[-47.827472,-21.947199],[-47.827176,-21.946897],[-47.827096,-21.946619],[-47.827152,-21.946415],[-47.82701,-21.946276],[-47.826694,-21.946237],[-47.826279,-21.94619],[-47.826018,-21.945954],[-47.825935,-21.945935],[-47.825811,-21.945907],[-47.825586,-21.945912],[-47.825475,-21.945762],[-47.82554,-21.945425],[-47.825393,-21.945033],[-47.824599,-21.944465],[-47.824502,-21.944077],[-47.82454,-21.943715],[-47.824314,-21.943425],[-47.824056,-21.943294],[-47.823809,-21.943277],[-47.823597,-21.943328],[-47.823386,-21.9433],[-47.823126,-21.94315],[-47.823014,-21.942888],[-47.823018,-21.942691],[-47.822795,-21.942374],[-47.822598,-21.942358],[-47.822447,-21.942475],[-47.822346,-21.942654],[-47.82218,-21.942729],[-47.821954,-21.942557],[-47.821971,-21.94236],[-47.822113,-21.942091],[-47.822235,-21.941979],[-47.822186,-21.941648],[-47.82211,-21.941313],[-47.821864,-21.941037],[-47.821586,-21.940806],[-47.821375,-21.940751],[-47.821089,-21.940689],[-47.820882,-21.940632],[-47.820729,-21.940375],[-47.820083,-21.939899],[-47.819733,-21.939472],[-47.819466,-21.939094],[-47.818781,-21.938647],[-47.818188,-21.938112],[-47.817938,-21.937672],[-47.817783,-21.937345],[-47.817633,-21.937072],[-47.817465,-21.936863],[-47.817311,-21.936703],[-47.8171,-21.936564],[-47.816611,-21.936264],[-47.816205,-21.936151],[-47.815807,-21.935948],[-47.815381,-21.935431],[-47.814781,-21.934842],[-47.814501,-21.934451],[-47.814121,-21.934113],[-47.813616,-21.933755],[-47.813016,-21.933136],[-47.812419,-21.932495],[-47.812037,-21.932029],[-47.811898,-21.931966]]}},{"type":"Feature","properties":{"class":"stream"},"geometry":{"type":"LineString","coordinates":[[-47.830077,-21.942527],[-47.829802,-21.942881],[-47.82942,-21.943236],[-47.828931,-21.943604],[-47.828427,-21.943902],[-47.827984,-21.944228],[-47.827724,-21.944355],[-47.827358,-21.944398],[-47.827006,-21.944553],[-47.826655,-21.94478],[-47.826258,-21.945191],[-47.826166,-21.945418],[-47.82612,-21.945659],[-47.825935,-21.945935]]}},{"type":"Feature","properties":{"class":"stream"},"geometry":{"type":"LineString","coordinates":[[-47.839256,-21.946914],[-47.838874,-21.947268],[-47.838523,-21.947835],[-47.838049,-21.948629],[-47.837637,-21.949196],[-47.837575,-21.949422],[-47.837377,-21.949734],[-47.836928,-21.950158]]}},{"type":"Feature","properties":{"class":"stream"},"geometry":{"type":"LineString","coordinates":[[-47.828148,-22.049836],[-47.828442,-22.049804],[-47.82884,-22.049707],[-47.829307,-22.049435],[-47.829861,-22.049066],[-47.830034,-22.048954],[-47.830553,-22.048569],[-47.830916,-22.048409],[-47.831279,-22.04828],[-47.831556,-22.048072],[-47.831973,-22.04793]]}},{"type":"Feature","properties":{"class":"stream"},"geometry":{"type":"LineString","coordinates":[[-47.83038,-22.04618],[-47.830605,-22.046404],[-47.830864,-22.046645],[-47.83102,-22.046885],[-47.83121,-22.047254],[-47.831331,-22.047511],[-47.831608,-22.047783],[-47.831973,-22.04793],[-47.832248,-22.04804],[-47.832663,-22.048136],[-47.832923,-22.048248],[-47.833217,-22.048248],[-47.833684,-22.0482],[-47.833943,-22.048088],[-47.834185,-22.048168],[-47.834528,-22.048233]]}},{"type":"Feature","properties":{"class":"stream"},"geometry":{"type":"LineString","coordinates":[[-47.834756,-22.03757],[-47.83467,-22.037906],[-47.834722,-22.038275],[-47.834791,-22.038628],[-47.835016,-22.038868],[-47.835275,-22.039173],[-47.835483,-22.039494],[-47.835656,-22.039959],[-47.83576,-22.040472],[-47.835933,-22.040937],[-47.836054,-22.041482],[-47.836036,-22.041867],[-47.835898,-22.042428],[-47.835829,-22.042973],[-47.835621,-22.043518],[-47.835362,-22.044064],[-47.835189,-22.044448],[-47.834929,-22.045042],[-47.834739,-22.045699],[-47.834618,-22.046244],[-47.834428,-22.046918],[-47.83441,-22.047367],[-47.834479,-22.047783],[-47.834528,-22.048233],[-47.834583,-22.048745],[-47.834722,-22.049435],[-47.834981,-22.049788],[-47.835414,-22.050028],[-47.835846,-22.050413],[-47.836071,-22.050701],[-47.836538,-22.051455],[-47.836919,-22.05208],[-47.837143,-22.052609],[-47.837334,-22.053155],[-47.837351,-22.053636],[-47.837299,-22.054277],[-47.83723,-22.055351],[-47.837213,-22.055816],[-47.837299,-22.056105],[-47.837386,-22.056377],[-47.837455,-22.056634],[-47.83742,-22.057051],[-47.837299,-22.057355],[-47.837195,-22.057756],[-47.837092,-22.058029],[-47.837048,-22.058192]]}},{"type":"Feature","properties":{"class":"stream","name":"Córrego do Monjolinho"},"geometry":{"type":"LineString","coordinates":[[-47.850691,-22.057517],[-47.850758,-22.057796],[-47.850774,-22.058176],[-47.850758,-22.05854],[-47.850657,-22.058919],[-47.85044,-22.059439],[-47.850315,-22.059888],[-47.850264,-22.060144],[-47.850256,-22.060399],[-47.850306,-22.06057],[-47.850256,-22.060763],[-47.850072,-22.060965],[-47.849963,-22.061282],[-47.849788,-22.061577],[-47.849495,-22.062003],[-47.849236,-22.062359],[-47.849027,-22.062747],[-47.848885,-22.063095],[-47.848852,-22.063351],[-47.84886,-22.063622],[-47.84891,-22.063839],[-47.848902,-22.064234],[-47.848835,-22.064482],[-47.848693,-22.064808],[-47.848659,-22.065063],[-47.848727,-22.065178]]}},{"type":"Feature","properties":{"class":"stream","name":"Córrego do Monjolinho"},"geometry":{"type":"LineString","coordinates":[[-47.849064,-22.053721],[-47.849117,-22.054064],[-47.849222,-22.054423],[-47.849399,-22.054766],[-47.849804,-22.054946],[-47.850015,-22.055109],[-47.850121,-22.055305],[-47.849909,-22.05573],[-47.849962,-22.056072],[-47.850209,-22.056448],[-47.850561,-22.056987],[-47.850691,-22.057517]]}},{"type":"Feature","properties":{"class":"stream"},"geometry":{"type":"LineString","coordinates":[[-47.828558,-22.058365],[-47.828852,-22.058619],[-47.829126,-22.058782],[-47.8294,-22.059127],[-47.829576,-22.059527],[-47.829851,-22.05969],[-47.830125,-22.059563],[-47.830419,-22.059363],[-47.830869,-22.059055],[-47.831261,-22.05871],[-47.831672,-22.058474],[-47.832397,-22.058165],[-47.832769,-22.058038],[-47.833474,-22.057693],[-47.834062,-22.057512],[-47.834571,-22.057348],[-47.835335,-22.057403],[-47.835982,-22.057693],[-47.836628,-22.057929],[-47.837048,-22.058192],[-47.837353,-22.058383],[-47.837882,-22.058928],[-47.838391,-22.0594],[-47.838959,-22.059854],[-47.839566,-22.060434],[-47.840213,-22.060997],[-47.840663,-22.061288],[-47.841407,-22.061651],[-47.842113,-22.061814],[-47.84272,-22.061978],[-47.843229,-22.06225],[-47.843582,-22.062486],[-47.843758,-22.062867],[-47.844032,-22.063121],[-47.844443,-22.063412],[-47.844894,-22.06372],[-47.845501,-22.064265],[-47.845697,-22.064682],[-47.84605,-22.065372],[-47.846285,-22.066044],[-47.846481,-22.066607],[-47.846716,-22.067151],[-47.84697,-22.067423],[-47.847173,-22.067619]]}},{"type":"Feature","properties":{"class":"stream"},"geometry":{"type":"LineString","coordinates":[[-47.840812,-22.047551],[-47.841048,-22.047469],[-47.841248,-22.047469],[-47.841676,-22.047606],[-47.841971,-22.047613],[-47.842252,-22.047585],[-47.842414,-22.047668],[-47.842562,-22.047722],[-47.842778,-22.047677]]}},{"type":"Feature","properties":{"class":"stream"},"geometry":{"type":"LineString","coordinates":[[-47.842123,-22.049682],[-47.842422,-22.049519],[-47.842845,-22.049356],[-47.843145,-22.049209],[-47.843286,-22.048931],[-47.843568,-22.048637],[-47.843991,-22.04836],[-47.844272,-22.048294],[-47.844599,-22.048101]]}},{"type":"Feature","properties":{"class":"stream"},"geometry":{"type":"LineString","coordinates":[[-47.84093,-22.041849],[-47.84089,-22.042274],[-47.84091,-22.042755],[-47.841089,-22.043014],[-47.841369,-22.043402],[-47.841448,-22.043791],[-47.841608,-22.044142],[-47.841907,-22.044549],[-47.842027,-22.044808],[-47.841947,-22.045085],[-47.842107,-22.045473],[-47.842466,-22.04601],[-47.842685,-22.046675],[-47.842725,-22.046953],[-47.842685,-22.047637],[-47.842778,-22.047677],[-47.843024,-22.047785],[-47.843623,-22.04784],[-47.844441,-22.048044],[-47.844599,-22.048101],[-47.845458,-22.048414],[-47.846117,-22.04882],[-47.846616,-22.049079],[-47.846915,-22.049449],[-47.846875,-22.049782],[-47.846975,-22.050133],[-47.847154,-22.050318],[-47.847533,-22.05054],[-47.847833,-22.050633],[-47.847892,-22.05091],[-47.847853,-22.051206],[-47.847932,-22.051594],[-47.848192,-22.052001],[-47.848451,-22.0525],[-47.84879,-22.052981],[-47.84897,-22.053369],[-47.849034,-22.05361],[-47.849064,-22.053721]]}},{"type":"Feature","properties":{"class":"stream"},"geometry":{"type":"LineString","coordinates":[[-47.845972,-22.043764],[-47.846187,-22.043886],[-47.846437,-22.043952],[-47.84664,-22.04404],[-47.846783,-22.044184],[-47.846878,-22.044294],[-47.847128,-22.044471],[-47.847259,-22.044548],[-47.847557,-22.044802],[-47.847796,-22.044913],[-47.848177,-22.045189],[-47.848618,-22.045377],[-47.849059,-22.045708],[-47.849452,-22.045896],[-47.84957,-22.046027],[-47.849797,-22.046282],[-47.849988,-22.046437],[-47.850453,-22.046713],[-47.850548,-22.046879],[-47.850512,-22.047166],[-47.850727,-22.047376],[-47.850822,-22.047508],[-47.850965,-22.047817],[-47.851132,-22.048116],[-47.851299,-22.048414],[-47.851628,-22.048627]]}},{"type":"Feature","properties":{"class":"stream"},"geometry":{"type":"LineString","coordinates":[[-47.849678,-22.043632],[-47.849631,-22.043797],[-47.849559,-22.043963],[-47.849523,-22.044173],[-47.849523,-22.044471],[-47.849571,-22.044802],[-47.849571,-22.045189],[-47.849571,-22.045564],[-47.849571,-22.045874],[-47.84957,-22.046027]]}},{"type":"Feature","properties":{"class":"stream"},"geometry":{"type":"LineString","coordinates":[[-47.859289,-22.038418],[-47.859178,-22.038651],[-47.85923,-22.03887],[-47.859296,-22.039061],[-47.859377,-22.039321],[-47.859429,-22.039499],[-47.859436,-22.039609],[-47.859296,-22.039794],[-47.859112,-22.040019],[-47.859016,-22.040191],[-47.858971,-22.040478],[-47.858912,-22.040772],[-47.858705,-22.041169],[-47.85857,-22.042007],[-47.858251,-22.042377],[-47.857693,-22.042636],[-47.857393,-22.042858],[-47.857154,-22.043135],[-47.856974,-22.043431],[-47.856655,-22.043634],[-47.856436,-22.043708],[-47.856236,-22.043912],[-47.855937,-22.044078],[-47.855658,-22.04406],[-47.855479,-22.044091],[-47.855338,-22.044115],[-47.855159,-22.044411],[-47.854899,-22.044725],[-47.8545,-22.045095],[-47.854241,-22.045483],[-47.853962,-22.045909],[-47.853842,-22.046408],[-47.853623,-22.046852],[-47.853543,-22.047203],[-47.853263,-22.047388],[-47.853024,-22.047703],[-47.852605,-22.048054],[-47.852086,-22.048313],[-47.851628,-22.048627],[-47.851428,-22.048867],[-47.851149,-22.049441],[-47.850889,-22.050032],[-47.85075,-22.050476],[-47.85077,-22.050865],[-47.85065,-22.051234],[-47.850251,-22.051567],[-47.849912,-22.051956],[-47.849652,-22.052214],[-47.849373,-22.052695],[-47.849174,-22.053139],[-47.849034,-22.05361]]}},{"type":"Feature","properties":{"class":"stream"},"geometry":{"type":"LineString","coordinates":[[-47.893831,-22.045633],[-47.894712,-22.04535],[-47.894743,-22.045321],[-47.894761,-22.045278],[-47.894791,-22.045256],[-47.894875,-22.045239],[-47.894979,-22.045232],[-47.895031,-22.045246],[-47.895088,-22.045259],[-47.895279,-22.045238],[-47.895481,-22.045145],[-47.895653,-22.045041],[-47.89593,-22.044905],[-47.896027,-22.044589],[-47.896255,-22.044362],[-47.896629,-22.044378],[-47.896922,-22.044408],[-47.897231,-22.044378],[-47.897523,-22.044332],[-47.897818,-22.044184]]}},{"type":"Feature","properties":{"class":"stream"},"geometry":{"type":"LineString","coordinates":[[-47.898353,-22.047422],[-47.898906,-22.047588],[-47.899361,-22.047452],[-47.899784,-22.047332],[-47.90032,-22.047302],[-47.900825,-22.047377],[-47.901264,-22.047528],[-47.9018,-22.047724],[-47.902321,-22.047935],[-47.902825,-22.04804],[-47.903654,-22.048116],[-47.904126,-22.04795],[-47.904435,-22.047799],[-47.904923,-22.047678],[-47.905378,-22.047513],[-47.905817,-22.047317],[-47.906159,-22.047178]]}},{"type":"Feature","properties":{"class":"stream"},"geometry":{"type":"LineString","coordinates":[[-47.893631,-22.043056],[-47.893834,-22.043147],[-47.894142,-22.043221],[-47.894706,-22.043332],[-47.894821,-22.043356],[-47.894907,-22.043356],[-47.895137,-22.043425],[-47.895433,-22.04353],[-47.895751,-22.04376],[-47.89619,-22.043925],[-47.896564,-22.044091],[-47.896922,-22.044212],[-47.897296,-22.044182],[-47.897605,-22.044151],[-47.897818,-22.044184],[-47.897995,-22.044212],[-47.898155,-22.044256],[-47.89832,-22.044302],[-47.898759,-22.044573],[-47.899361,-22.044965],[-47.900011,-22.045327],[-47.900434,-22.045659],[-47.900808,-22.04602],[-47.901247,-22.046156],[-47.901882,-22.046186],[-47.902662,-22.046262],[-47.903199,-22.046262],[-47.903817,-22.046262],[-47.904451,-22.046367],[-47.905004,-22.046578],[-47.905427,-22.046834],[-47.90598,-22.047136],[-47.906159,-22.047178],[-47.906435,-22.047241],[-47.90663,-22.047234]]}},{"type":"Feature","properties":{"class":"stream"},"geometry":{"type":"LineString","coordinates":[[-47.908261,-22.042808],[-47.908166,-22.042947],[-47.908151,-22.043054],[-47.908187,-22.043111],[-47.908193,-22.043166],[-47.908169,-22.043205],[-47.908126,-22.043251],[-47.908012,-22.043296],[-47.907928,-22.043358],[-47.907669,-22.043548],[-47.907627,-22.04362],[-47.907608,-22.043659],[-47.907606,-22.043689],[-47.907626,-22.043713],[-47.907638,-22.043752],[-47.90764,-22.043778],[-47.907634,-22.043805],[-47.907566,-22.043863],[-47.907438,-22.043947],[-47.90741,-22.043972],[-47.907389,-22.043998],[-47.907371,-22.044054],[-47.907358,-22.044101],[-47.907357,-22.044136],[-47.907339,-22.044169],[-47.907306,-22.04422],[-47.907264,-22.04428],[-47.907233,-22.044309],[-47.907208,-22.044333],[-47.907194,-22.044357],[-47.907198,-22.04439],[-47.907209,-22.044417],[-47.907241,-22.04443],[-47.9073,-22.044446],[-47.90733,-22.044465],[-47.90735,-22.044496],[-47.907366,-22.044724],[-47.907279,-22.044947],[-47.907303,-22.045195],[-47.907211,-22.045451],[-47.906996,-22.046133],[-47.906963,-22.046311],[-47.906963,-22.046616],[-47.906695,-22.046834],[-47.906598,-22.047015],[-47.90663,-22.047234]]}},{"type":"Feature","properties":{"class":"stream"},"geometry":{"type":"LineString","coordinates":[[-47.90663,-22.047234],[-47.907478,-22.047419],[-47.907679,-22.047455],[-47.907857,-22.047541],[-47.907977,-22.047638],[-47.908054,-22.047756],[-47.908216,-22.047878],[-47.908286,-22.047867],[-47.908672,-22.047831],[-47.908864,-22.047952],[-47.908986,-22.048063],[-47.909121,-22.048286],[-47.909159,-22.048356],[-47.90924,-22.048397],[-47.909353,-22.048454],[-47.909436,-22.04848],[-47.909507,-22.048484],[-47.909592,-22.048471],[-47.909693,-22.048485],[-47.909772,-22.048503],[-47.909823,-22.048553],[-47.909867,-22.04858],[-47.909939,-22.048615],[-47.909993,-22.048677],[-47.910023,-22.048748],[-47.910133,-22.048684],[-47.910241,-22.048648],[-47.910427,-22.048737],[-47.910411,-22.048906],[-47.910319,-22.049171],[-47.910352,-22.049288],[-47.910414,-22.049297],[-47.910528,-22.049309],[-47.910599,-22.04935]]}},{"type":"Feature","properties":{"class":"stream"},"geometry":{"type":"LineString","coordinates":[[-47.907981,-22.054365],[-47.908191,-22.054184],[-47.908295,-22.054059],[-47.908372,-22.05405],[-47.908489,-22.054048],[-47.908615,-22.05388],[-47.908641,-22.053822],[-47.908652,-22.05376],[-47.908654,-22.053693],[-47.908594,-22.053441],[-47.908516,-22.053128],[-47.908521,-22.052945],[-47.908599,-22.052814],[-47.908656,-22.052654],[-47.90874,-22.052361],[-47.908776,-22.052335],[-47.908802,-22.052287],[-47.908759,-22.052225],[-47.90878,-22.052123],[-47.908785,-22.052],[-47.908728,-22.051724],[-47.908785,-22.051475],[-47.908898,-22.051186],[-47.908984,-22.050935],[-47.909125,-22.050701],[-47.909345,-22.050438]]}},{"type":"Feature","properties":{"class":"stream","name":"Córrego da Água Quente"},"geometry":{"type":"LineString","coordinates":[[-47.889975,-22.058745],[-47.890218,-22.058329],[-47.890582,-22.058078],[-47.890731,-22.057862],[-47.890937,-22.057403],[-47.891292,-22.056849],[-47.891777,-22.056468],[-47.892338,-22.056321],[-47.893094,-22.055421],[-47.893571,-22.054996],[-47.894447,-22.054803],[-47.895433,-22.054789],[-47.895652,-22.05491],[-47.896799,-22.055087],[-47.8969,-22.05511],[-47.89725,-22.055127],[-47.897377,-22.054998],[-47.897578,-22.054879],[-47.897663,-22.054772],[-47.897868,-22.054554],[-47.89798,-22.054482],[-47.898104,-22.054357],[-47.898228,-22.054274],[-47.898336,-22.05417],[-47.898463,-22.054174],[-47.898544,-22.054124],[-47.898599,-22.054002],[-47.898726,-22.053887],[-47.898861,-22.053866],[-47.898997,-22.053898],[-47.89912,-22.05387],[-47.899197,-22.05383],[-47.899267,-22.053773],[-47.89931,-22.053705],[-47.899348,-22.053622],[-47.899364,-22.053497],[-47.899402,-22.053415],[-47.899487,-22.053357],[-47.899673,-22.053427],[-47.899739,-22.053349],[-47.899808,-22.053286],[-47.899852,-22.053246],[-47.899895,-22.053227],[-47.899943,-22.053248],[-47.899961,-22.053303],[-47.89999,-22.053348],[-47.900041,-22.053347],[-47.900106,-22.053311],[-47.900149,-22.053128],[-47.900206,-22.052962],[-47.900315,-22.052784],[-47.900328,-22.052732],[-47.900353,-22.052712],[-47.900441,-22.052683],[-47.900492,-22.052638],[-47.900528,-22.052573],[-47.900551,-22.052532],[-47.900583,-22.052489],[-47.900642,-22.052426],[-47.900703,-22.052398],[-47.900766,-22.05239],[-47.900804,-22.052393],[-47.900828,-22.052432],[-47.900845,-22.052474],[-47.900841,-22.052523],[-47.90084,-22.052589],[-47.900872,-22.052653],[-47.900923,-22.052726],[-47.900952,-22.052759],[-47.90104,-22.052797],[-47.901136,-22.052826],[-47.901247,-22.052837],[-47.901327,-22.052809],[-47.901462,-22.05277],[-47.901555,-22.052774],[-47.901633,-22.052788],[-47.901729,-22.052772],[-47.901779,-22.052726],[-47.901807,-22.052659],[-47.901807,-22.052608],[-47.901821,-22.052566],[-47.901837,-22.052548],[-47.901861,-22.052541],[-47.901892,-22.052555],[-47.901905,-22.052589],[-47.901927,-22.052646],[-47.901951,-22.052681],[-47.901964,-22.052709],[-47.901999,-22.05274],[-47.902041,-22.052765],[-47.902079,-22.05276],[-47.902112,-22.052745],[-47.902138,-22.052697],[-47.902147,-22.052681],[-47.902168,-22.052674],[-47.902207,-22.05266],[-47.90225,-22.052624],[-47.902292,-22.052621],[-47.902358,-22.052583],[-47.902391,-22.052539],[-47.9024,-22.052492],[-47.902408,-22.052423],[-47.902423,-22.05238],[-47.902447,-22.052364],[-47.902473,-22.05236],[-47.902491,-22.052377],[-47.902534,-22.052387],[-47.902595,-22.052408],[-47.902623,-22.052438],[-47.902649,-22.052445],[-47.902714,-22.052426],[-47.902754,-22.052373],[-47.90276,-22.052327],[-47.902744,-22.052282],[-47.902695,-22.052242],[-47.902651,-22.0522],[-47.902615,-22.052149],[-47.902604,-22.0521],[-47.902638,-22.052028],[-47.902708,-22.052007],[-47.902777,-22.051991],[-47.902837,-22.052007],[-47.903391,-22.052111],[-47.903418,-22.052095],[-47.903427,-22.052063],[-47.903403,-22.052032],[-47.903367,-22.051997],[-47.903348,-22.051956],[-47.90335,-22.051921],[-47.903413,-22.051884],[-47.903444,-22.05188],[-47.903493,-22.051899],[-47.903519,-22.051892],[-47.903535,-22.051871],[-47.903581,-22.051704],[-47.903594,-22.051659],[-47.903614,-22.051627],[-47.903636,-22.051599],[-47.903665,-22.051584],[-47.90369,-22.051588],[-47.903708,-22.051619],[-47.903717,-22.051669],[-47.903727,-22.051711],[-47.903755,-22.051737],[-47.903782,-22.051736],[-47.903788,-22.051719],[-47.90379,-22.051674],[-47.903817,-22.051648],[-47.903867,-22.051585],[-47.903908,-22.051494],[-47.903931,-22.051438],[-47.903968,-22.05139],[-47.904001,-22.051379],[-47.904029,-22.051392],[-47.904043,-22.051427],[-47.904067,-22.051438],[-47.904093,-22.051421],[-47.904112,-22.05136],[-47.904107,-22.051261],[-47.90414,-22.051208],[-47.904191,-22.051158],[-47.904244,-22.051149],[-47.90433,-22.051144],[-47.904406,-22.051127],[-47.904485,-22.051088],[-47.904534,-22.051025],[-47.90456,-22.050958],[-47.904641,-22.050868],[-47.904719,-22.050803],[-47.904821,-22.050722],[-47.904855,-22.050718],[-47.904887,-22.050732],[-47.904902,-22.050789],[-47.904909,-22.050846],[-47.904931,-22.050884],[-47.904962,-22.050906],[-47.905058,-22.050918],[-47.905148,-22.050949],[-47.9052,-22.050981],[-47.905231,-22.051026],[-47.905254,-22.051081],[-47.905275,-22.051109],[-47.905303,-22.051121],[-47.905338,-22.051116],[-47.905368,-22.051102],[-47.905428,-22.051068],[-47.905454,-22.051035],[-47.90544,-22.051004],[-47.905399,-22.050975],[-47.905316,-22.05092],[-47.905238,-22.050875],[-47.905187,-22.050832],[-47.905188,-22.050773],[-47.905207,-22.050687],[-47.905227,-22.050663],[-47.90528,-22.050665],[-47.905332,-22.050694],[-47.90537,-22.050733],[-47.905419,-22.050747],[-47.905453,-22.050737],[-47.905498,-22.050649],[-47.905525,-22.050613],[-47.905588,-22.050564],[-47.905675,-22.0505],[-47.905728,-22.050427],[-47.905749,-22.050379],[-47.905778,-22.050334],[-47.905817,-22.050299],[-47.905864,-22.050297],[-47.905905,-22.050307],[-47.905927,-22.050348],[-47.905937,-22.050398],[-47.905956,-22.050439],[-47.906018,-22.050476],[-47.90604,-22.050531],[-47.906027,-22.0506],[-47.905997,-22.050662],[-47.905988,-22.050687],[-47.906004,-22.05071],[-47.906101,-22.050736],[-47.906171,-22.050759],[-47.90623,-22.050775],[-47.906265,-22.050773],[-47.906301,-22.050793],[-47.90632,-22.050836],[-47.906342,-22.050861],[-47.906382,-22.050878],[-47.906443,-22.050899],[-47.906471,-22.050938],[-47.906472,-22.050978],[-47.906463,-22.051023],[-47.906507,-22.051048],[-47.906569,-22.051086],[-47.906671,-22.051075],[-47.906772,-22.05103],[-47.906887,-22.050961],[-47.906978,-22.05084],[-47.907025,-22.050669],[-47.907079,-22.050573],[-47.907114,-22.050544],[-47.907159,-22.050518],[-47.907245,-22.050498],[-47.907347,-22.050517],[-47.907422,-22.050569],[-47.907467,-22.050639],[-47.907635,-22.050762],[-47.907777,-22.050719],[-47.907848,-22.0507],[-47.907919,-22.050703],[-47.907994,-22.050735],[-47.908077,-22.050754],[-47.908167,-22.050795],[-47.908248,-22.050812],[-47.908295,-22.050807],[-47.908324,-22.050767],[-47.908355,-22.050728],[-47.908404,-22.050708],[-47.908431,-22.050723],[-47.908446,-22.050751],[-47.908451,-22.05078],[-47.908484,-22.050798],[-47.908576,-22.050789],[-47.908719,-22.050768],[-47.908825,-22.050725],[-47.908906,-22.050628],[-47.908926,-22.050541],[-47.908909,-22.050469],[-47.908894,-22.050401],[-47.908888,-22.050332],[-47.908909,-22.050285],[-47.908969,-22.050239],[-47.909018,-22.050246],[-47.909041,-22.050288],[-47.909067,-22.050353],[-47.909071,-22.050408],[-47.909113,-22.050464],[-47.909147,-22.05047],[-47.909187,-22.050449],[-47.90925,-22.050404],[-47.909293,-22.050403],[-47.909328,-22.050413],[-47.909345,-22.050438],[-47.909515,-22.050424],[-47.909662,-22.050399],[-47.90982,-22.050335],[-47.909947,-22.050181],[-47.910044,-22.050005],[-47.910106,-22.049933],[-47.910349,-22.049908],[-47.910465,-22.049815],[-47.910513,-22.049574],[-47.910548,-22.049414],[-47.910599,-22.04935],[-47.910748,-22.049402],[-47.910832,-22.049511],[-47.910919,-22.04956],[-47.911088,-22.04955],[-47.911222,-22.049502],[-47.911276,-22.049445],[-47.911292,-22.049323],[-47.911367,-22.049268],[-47.911733,-22.049074],[-47.911819,-22.048866],[-47.911801,-22.048703],[-47.911765,-22.048543],[-47.911772,-22.048378],[-47.911743,-22.048214],[-47.911708,-22.048065],[-47.911745,-22.047995],[-47.912131,-22.047916],[-47.9122,-22.047956],[-47.912222,-22.048016],[-47.912179,-22.048059],[-47.912098,-22.048088],[-47.912059,-22.048145],[-47.912115,-22.048284],[-47.912305,-22.048308],[-47.91261,-22.048348],[-47.912923,-22.048284],[-47.913027,-22.048226],[-47.913189,-22.048191],[-47.913359,-22.048103],[-47.91343,-22.04802],[-47.913432,-22.047934],[-47.913443,-22.047747],[-47.913499,-22.047627],[-47.913573,-22.047586],[-47.913655,-22.047589],[-47.913725,-22.047615],[-47.913821,-22.047713],[-47.91389,-22.047766],[-47.914023,-22.047779],[-47.914116,-22.047731],[-47.914153,-22.047668],[-47.914164,-22.047591],[-47.914144,-22.047517],[-47.914123,-22.047386],[-47.914139,-22.047241],[-47.914173,-22.047067],[-47.914224,-22.046875],[-47.914268,-22.04668],[-47.914353,-22.046583],[-47.914436,-22.04652],[-47.914791,-22.046383],[-47.914964,-22.04638],[-47.915014,-22.046431],[-47.915046,-22.046467],[-47.915025,-22.046565],[-47.914986,-22.04669],[-47.914992,-22.046784],[-47.915061,-22.046841],[-47.915154,-22.046868],[-47.915251,-22.046905],[-47.915368,-22.046938],[-47.91544,-22.04694]]}},{"type":"Feature","properties":{"class":"stream"},"geometry":{"type":"LineString","coordinates":[[-47.913853,-22.05007],[-47.913843,-22.049873],[-47.913865,-22.049744],[-47.9139,-22.049586],[-47.914006,-22.049235],[-47.914056,-22.049052],[-47.914098,-22.048866],[-47.914085,-22.048612],[-47.91412,-22.048449],[-47.914207,-22.048245],[-47.914224,-22.048128],[-47.914451,-22.048025],[-47.914459,-22.047908],[-47.914474,-22.04775],[-47.914521,-22.047661],[-47.914568,-22.047546],[-47.914617,-22.047448],[-47.914743,-22.047305],[-47.914817,-22.047232],[-47.914893,-22.047081],[-47.914992,-22.046784]]}},{"type":"Feature","properties":{"class":"stream"},"geometry":{"type":"LineString","coordinates":[[-47.912375,-22.043235],[-47.912414,-22.043299],[-47.912441,-22.04341],[-47.912456,-22.043554],[-47.912499,-22.043657],[-47.912518,-22.043815],[-47.912449,-22.044032],[-47.912374,-22.044224],[-47.912291,-22.044594],[-47.912267,-22.044775],[-47.912286,-22.044936],[-47.912431,-22.045139],[-47.912516,-22.04527],[-47.912499,-22.045445],[-47.912576,-22.045652],[-47.91268,-22.045828],[-47.912792,-22.045993],[-47.912966,-22.046125],[-47.913144,-22.046272],[-47.913329,-22.046412],[-47.913577,-22.046505],[-47.913797,-22.046573],[-47.914056,-22.04658],[-47.914261,-22.046533],[-47.914436,-22.04652]]}},{"type":"Feature","properties":{"class":"stream","name":"Córrego da Água Quente"},"geometry":{"type":"LineString","coordinates":[[-47.91544,-22.04694],[-47.915593,-22.04687]]}},{"type":"Feature","properties":{"class":"stream","name":"Córrego da Água Fria"},"geometry":{"type":"LineString","coordinates":[[-47.913914,-22.065971],[-47.913945,-22.065893],[-47.913897,-22.065828],[-47.913891,-22.065774],[-47.913922,-22.065744],[-47.913966,-22.065722],[-47.914003,-22.065707],[-47.914024,-22.065666],[-47.914056,-22.065627],[-47.914078,-22.065632],[-47.914102,-22.065598],[-47.914121,-22.06556],[-47.914155,-22.06554],[-47.914151,-22.065509],[-47.914163,-22.065456],[-47.91418,-22.065374],[-47.914362,-22.065171],[-47.914579,-22.064888],[-47.91514,-22.064567],[-47.91584,-22.064174],[-47.916167,-22.063896],[-47.916741,-22.063158],[-47.91676,-22.063089],[-47.916844,-22.063047],[-47.916937,-22.063036],[-47.917243,-22.062994],[-47.917723,-22.062951],[-47.918026,-22.062854],[-47.918426,-22.062611],[-47.919035,-22.061925],[-47.919158,-22.061579],[-47.91926,-22.061347],[-47.919337,-22.061286],[-47.919405,-22.061261],[-47.91948,-22.061251],[-47.919593,-22.061018],[-47.919636,-22.060907],[-47.919685,-22.060804],[-47.919746,-22.060694],[-47.919794,-22.060578],[-47.91981,-22.060523],[-47.919836,-22.060447],[-47.919912,-22.060412],[-47.920006,-22.060397],[-47.920069,-22.060365],[-47.920096,-22.060316],[-47.920141,-22.060257],[-47.920185,-22.060224],[-47.920238,-22.060188],[-47.920265,-22.060127],[-47.920294,-22.060123],[-47.920362,-22.060128],[-47.920433,-22.060111],[-47.920467,-22.060038],[-47.920539,-22.059954],[-47.920547,-22.059898],[-47.920592,-22.05986],[-47.920637,-22.059889],[-47.920696,-22.059917],[-47.920725,-22.059907],[-47.920744,-22.059883],[-47.920758,-22.059902],[-47.920791,-22.059944],[-47.920821,-22.059933],[-47.920842,-22.059899],[-47.920928,-22.059921],[-47.920997,-22.059949],[-47.921033,-22.059921],[-47.921122,-22.059887],[-47.921179,-22.059879],[-47.921213,-22.059846],[-47.921301,-22.059815],[-47.921393,-22.059802],[-47.921445,-22.059826],[-47.9215,-22.059826],[-47.921534,-22.059787],[-47.921543,-22.05974],[-47.921543,-22.059695],[-47.921577,-22.059678],[-47.921623,-22.05967],[-47.92171,-22.059653],[-47.921754,-22.05967],[-47.921794,-22.059656],[-47.921804,-22.059621],[-47.921837,-22.05957],[-47.921878,-22.059547],[-47.921926,-22.059538],[-47.922122,-22.059377],[-47.922189,-22.059378],[-47.922214,-22.059414],[-47.922204,-22.05945],[-47.92223,-22.059482],[-47.922271,-22.059477],[-47.922317,-22.05946],[-47.922379,-22.059451],[-47.922567,-22.059383],[-47.922581,-22.059324],[-47.922625,-22.059298],[-47.922676,-22.059301],[-47.922713,-22.05926],[-47.922721,-22.059173],[-47.922749,-22.059129],[-47.922792,-22.059097],[-47.92285,-22.059078],[-47.922872,-22.05903],[-47.922916,-22.058961],[-47.922964,-22.058926],[-47.92301,-22.058931],[-47.923043,-22.058956],[-47.923067,-22.058997],[-47.923101,-22.059005],[-47.923127,-22.058986],[-47.923163,-22.058964],[-47.923274,-22.05893],[-47.923354,-22.058898],[-47.923458,-22.058816],[-47.923522,-22.058712],[-47.923581,-22.058617],[-47.923613,-22.058519],[-47.923639,-22.058491],[-47.923674,-22.058469],[-47.923677,-22.058442],[-47.923653,-22.058429],[-47.923629,-22.058385],[-47.923615,-22.058354],[-47.923574,-22.058295],[-47.923561,-22.058258],[-47.923556,-22.058203],[-47.923578,-22.058168],[-47.923613,-22.058158],[-47.923645,-22.058148],[-47.923673,-22.058124],[-47.923706,-22.058123],[-47.923743,-22.058127],[-47.923774,-22.058091],[-47.923819,-22.058058],[-47.923894,-22.058032],[-47.923926,-22.057987],[-47.924005,-22.05798],[-47.924087,-22.058015],[-47.924131,-22.058025],[-47.924193,-22.057998],[-47.924248,-22.057972],[-47.924302,-22.057965],[-47.92435,-22.057924],[-47.924392,-22.057881],[-47.924442,-22.057851],[-47.924462,-22.057817],[-47.924487,-22.057801],[-47.924557,-22.057769],[-47.924582,-22.057737],[-47.924598,-22.057689],[-47.924621,-22.057683],[-47.924628,-22.057719],[-47.92466,-22.057712],[-47.924721,-22.057647],[-47.924777,-22.057581],[-47.924905,-22.057427],[-47.925014,-22.057256],[-47.92509,-22.057198],[-47.925149,-22.057181],[-47.92521,-22.057147],[-47.925295,-22.057083],[-47.925334,-22.057058],[-47.925362,-22.056987],[-47.925422,-22.056952],[-47.925488,-22.056922],[-47.925548,-22.056922],[-47.925576,-22.056897],[-47.9256,-22.056888],[-47.925694,-22.056919],[-47.925714,-22.056907],[-47.92573,-22.056852],[-47.925762,-22.056825],[-47.925807,-22.056827],[-47.925847,-22.056804],[-47.925937,-22.056816],[-47.92598,-22.056785],[-47.926005,-22.056744],[-47.92604,-22.056714],[-47.926108,-22.056694],[-47.926143,-22.056679],[-47.926166,-22.056652],[-47.926203,-22.05664],[-47.926246,-22.056647],[-47.926404,-22.056572],[-47.926509,-22.056567],[-47.926613,-22.056549],[-47.92667,-22.056521],[-47.92671,-22.056516],[-47.926753,-22.056531],[-47.9268,-22.056507],[-47.926852,-22.056454],[-47.926885,-22.056439],[-47.926952,-22.056435],[-47.926984,-22.056407],[-47.927009,-22.056344],[-47.927028,-22.056255],[-47.927111,-22.056199],[-47.92715,-22.056164],[-47.927166,-22.056116],[-47.927203,-22.056107],[-47.927265,-22.056067],[-47.927352,-22.056023],[-47.92741,-22.056003],[-47.927447,-22.056019],[-47.927498,-22.056017],[-47.927515,-22.055984],[-47.927518,-22.05595],[-47.927532,-22.055913],[-47.927555,-22.055888],[-47.927542,-22.055855],[-47.927512,-22.055841],[-47.927477,-22.055823],[-47.927475,-22.055794],[-47.927504,-22.055768],[-47.927539,-22.055756],[-47.927565,-22.055749],[-47.927574,-22.055711],[-47.927587,-22.055677],[-47.927629,-22.055657],[-47.927651,-22.055634],[-47.92767,-22.055587],[-47.927696,-22.055573],[-47.927729,-22.055578],[-47.927778,-22.055579],[-47.927797,-22.055568],[-47.927728,-22.055493],[-47.927673,-22.055435],[-47.927642,-22.055442],[-47.927627,-22.055429],[-47.927625,-22.05539],[-47.927635,-22.055368],[-47.927667,-22.055371],[-47.927704,-22.055372],[-47.927746,-22.055317],[-47.927706,-22.055213],[-47.927647,-22.055011],[-47.927682,-22.054919],[-47.927816,-22.054828],[-47.928369,-22.054417],[-47.928558,-22.05429],[-47.928575,-22.05424],[-47.928604,-22.054214],[-47.928639,-22.054217],[-47.928672,-22.054223],[-47.92877,-22.05416],[-47.928812,-22.054113],[-47.928809,-22.054084],[-47.928797,-22.054055],[-47.928785,-22.054018],[-47.928799,-22.054003],[-47.928825,-22.053994],[-47.928868,-22.054012],[-47.928924,-22.054026],[-47.928991,-22.054043],[-47.929024,-22.05403],[-47.929039,-22.053985],[-47.929051,-22.053928],[-47.929068,-22.053864],[-47.929097,-22.053815],[-47.929126,-22.05379],[-47.929136,-22.053748],[-47.929146,-22.053718],[-47.929181,-22.053704],[-47.929232,-22.05369],[-47.92926,-22.053668],[-47.929277,-22.053617],[-47.929268,-22.053561],[-47.929279,-22.053519],[-47.929292,-22.05347],[-47.929314,-22.05345],[-47.929334,-22.053437],[-47.929337,-22.053384],[-47.929353,-22.053359],[-47.929389,-22.053356],[-47.929415,-22.053365],[-47.929466,-22.053346],[-47.9296,-22.053318],[-47.929747,-22.053286],[-47.929837,-22.053286],[-47.929944,-22.053265],[-47.93002,-22.053245],[-47.930044,-22.053174],[-47.930053,-22.053137],[-47.930071,-22.053116],[-47.930077,-22.053077],[-47.930054,-22.053037],[-47.930129,-22.052924],[-47.930188,-22.052842],[-47.930259,-22.052772],[-47.930278,-22.052738],[-47.930318,-22.052689],[-47.930346,-22.052688],[-47.930372,-22.052669],[-47.930406,-22.052627],[-47.93046,-22.052616],[-47.930504,-22.05261],[-47.930539,-22.052577],[-47.930585,-22.052581],[-47.930638,-22.052576],[-47.930693,-22.052562],[-47.930749,-22.052547],[-47.930806,-22.052548],[-47.930844,-22.052558],[-47.930872,-22.052547],[-47.930914,-22.052525],[-47.930949,-22.052512],[-47.930965,-22.052485],[-47.930955,-22.052453],[-47.930949,-22.0524],[-47.930977,-22.052306],[-47.931006,-22.052236],[-47.931089,-22.052148],[-47.931098,-22.052138],[-47.931249,-22.052055],[-47.931314,-22.052003],[-47.931365,-22.051957],[-47.931396,-22.051893],[-47.931429,-22.051839],[-47.931462,-22.051836],[-47.931492,-22.051855],[-47.931519,-22.051894],[-47.931563,-22.051919],[-47.931592,-22.051914],[-47.931589,-22.05189],[-47.931582,-22.051839],[-47.93161,-22.051796],[-47.931632,-22.051746],[-47.931659,-22.051739],[-47.931703,-22.05173],[-47.931753,-22.051701],[-47.93184,-22.051649],[-47.931868,-22.051594],[-47.931899,-22.051591],[-47.931938,-22.051598],[-47.931971,-22.051576],[-47.932016,-22.051482],[-47.932061,-22.051401],[-47.932123,-22.051245],[-47.932101,-22.051178],[-47.932011,-22.05111],[-47.932001,-22.051075],[-47.932038,-22.050989],[-47.932108,-22.05093],[-47.932244,-22.050809],[-47.932242,-22.05077],[-47.932264,-22.050736],[-47.932314,-22.050727],[-47.932379,-22.050734],[-47.93242,-22.050709],[-47.932427,-22.050667],[-47.932412,-22.05063],[-47.932419,-22.05058],[-47.932456,-22.050539],[-47.932503,-22.050497],[-47.932572,-22.050465],[-47.932684,-22.050398],[-47.932758,-22.050293],[-47.932832,-22.05009],[-47.932998,-22.049768],[-47.933005,-22.049662],[-47.932978,-22.049578],[-47.932956,-22.049483],[-47.932969,-22.049404],[-47.933007,-22.049336],[-47.933046,-22.049284],[-47.933077,-22.049127],[-47.933098,-22.048902],[-47.933141,-22.048811],[-47.933197,-22.048702],[-47.933262,-22.048652],[-47.933319,-22.048618],[-47.93335,-22.048567],[-47.933374,-22.048476],[-47.933408,-22.048421],[-47.933461,-22.048384],[-47.933522,-22.048347],[-47.933602,-22.048271],[-47.933679,-22.048213],[-47.933843,-22.048116],[-47.933894,-22.048076],[-47.933916,-22.048042],[-47.933932,-22.048021],[-47.933973,-22.047984],[-47.934,-22.047937],[-47.93401,-22.047909],[-47.934045,-22.047841],[-47.934061,-22.047805],[-47.934052,-22.04775],[-47.93402,-22.047725],[-47.933988,-22.047743],[-47.933956,-22.047776],[-47.933923,-22.047789],[-47.933902,-22.047766],[-47.933912,-22.047702],[-47.93395,-22.047655],[-47.933987,-22.04763],[-47.934001,-22.047593],[-47.933986,-22.047561],[-47.934001,-22.047507],[-47.933977,-22.047443],[-47.933946,-22.047405],[-47.933944,-22.047319],[-47.934011,-22.047217],[-47.934063,-22.04719],[-47.934069,-22.047163],[-47.934048,-22.047153],[-47.934017,-22.047139],[-47.934001,-22.047101],[-47.934002,-22.047056],[-47.934008,-22.046996],[-47.934023,-22.046964],[-47.934084,-22.046929],[-47.934161,-22.046895],[-47.934203,-22.046883],[-47.934259,-22.046835],[-47.934284,-22.046791],[-47.934301,-22.046755],[-47.93432,-22.046731],[-47.934342,-22.04669],[-47.934372,-22.046665],[-47.934415,-22.046645],[-47.934423,-22.04661],[-47.934435,-22.046566],[-47.934433,-22.046503],[-47.934414,-22.046427],[-47.934406,-22.046375],[-47.934425,-22.046346],[-47.934471,-22.046357],[-47.934524,-22.046365],[-47.934574,-22.046392],[-47.934633,-22.046396],[-47.934687,-22.046377],[-47.934725,-22.046337],[-47.93475,-22.046286],[-47.934747,-22.046233],[-47.934778,-22.046125],[-47.934803,-22.046026],[-47.934842,-22.04599],[-47.934885,-22.045984],[-47.934915,-22.045987],[-47.934943,-22.045966],[-47.93495,-22.045926],[-47.934962,-22.045873],[-47.934998,-22.045862],[-47.935027,-22.045845],[-47.935043,-22.045814],[-47.935045,-22.045747],[-47.935062,-22.045659],[-47.935093,-22.04557],[-47.935112,-22.045484],[-47.935132,-22.045446],[-47.935161,-22.045438],[-47.935198,-22.045429],[-47.935319,-22.045332],[-47.935453,-22.045215],[-47.935517,-22.045154],[-47.935541,-22.045104],[-47.935522,-22.044963],[-47.935565,-22.044749],[-47.935688,-22.044545],[-47.935871,-22.044341],[-47.936166,-22.044148],[-47.936429,-22.043799],[-47.936493,-22.043546],[-47.93659,-22.043163],[-47.936708,-22.04285],[-47.936874,-22.042507],[-47.937169,-22.042034],[-47.937491,-22.041691],[-47.937791,-22.041283],[-47.937963,-22.040925],[-47.938145,-22.040359],[-47.938462,-22.039822],[-47.938848,-22.038887],[-47.938993,-22.038399],[-47.939122,-22.037853],[-47.939101,-22.037325],[-47.939044,-22.036721],[-47.938988,-22.036296],[-47.938998,-22.035989],[-47.939025,-22.035757],[-47.9391,-22.035565],[-47.939195,-22.035415],[-47.939301,-22.035203],[-47.939488,-22.034703],[-47.939582,-22.034448],[-47.939653,-22.034401],[-47.939776,-22.03425],[-47.939824,-22.03418],[-47.9399,-22.034061],[-47.939996,-22.033996],[-47.940068,-22.033909],[-47.940194,-22.033844],[-47.940278,-22.033768],[-47.940406,-22.03371],[-47.940549,-22.033703],[-47.940591,-22.0336],[-47.940631,-22.033457],[-47.940711,-22.033355],[-47.940816,-22.033202],[-47.940938,-22.033071],[-47.941026,-22.032935],[-47.941093,-22.03284],[-47.941171,-22.032773],[-47.94123,-22.032651],[-47.941265,-22.032509],[-47.941286,-22.032398],[-47.941372,-22.032276],[-47.941431,-22.032166],[-47.941455,-22.032084],[-47.941482,-22.031945],[-47.94152,-22.031848],[-47.941603,-22.031754],[-47.941621,-22.031619],[-47.941646,-22.0315],[-47.94175,-22.031371],[-47.941742,-22.031276],[-47.94174,-22.031149],[-47.941804,-22.030993],[-47.941935,-22.030781],[-47.942002,-22.030642]]}},{"type":"Feature","properties":{"class":"water"},"geometry":{"type":"Polygon","coordinates":[[[-47.933192,-22.052329],[-47.933218,-22.052267],[-47.93323,-22.052217],[-47.933216,-22.052178],[-47.933171,-22.052158],[-47.933122,-22.052145],[-47.933078,-22.052135],[-47.932961,-22.052152],[-47.932929,-22.052171],[-47.932917,-22.052208],[-47.932922,-22.052258],[-47.932959,-22.052351],[-47.932992,-22.052379],[-47.933031,-22.052379],[-47.933073,-22.052373],[-47.933136,-22.052357],[-47.933192,-22.052329]]]}},{"type":"Feature","properties":{"class":"water"},"geometry":{"type":"Polygon","coordinates":[[[-47.933539,-22.054197],[-47.933551,-22.054175],[-47.933551,-22.054149],[-47.93353,-22.054104],[-47.933462,-22.054024],[-47.933432,-22.054024],[-47.93336,-22.054037],[-47.933332,-22.054041],[-47.933318,-22.054065],[-47.933322,-22.054095],[-47.933378,-22.054197],[-47.933395,-22.054231],[-47.933406,-22.054259],[-47.933434,-22.054255],[-47.933504,-22.054218],[-47.933539,-22.054197]]]}},{"type":"Feature","properties":{"class":"water"},"geometry":{"type":"Polygon","coordinates":[[[-47.933654,-22.054383],[-47.933623,-22.054288],[-47.933593,-22.054229],[-47.93356,-22.054236],[-47.933441,-22.054283],[-47.933427,-22.05432],[-47.933472,-22.054379],[-47.9335,-22.054433],[-47.933528,-22.05445],[-47.933581,-22.05445],[-47.933642,-22.054426],[-47.933654,-22.054383]]]}},{"type":"Feature","properties":{"class":"water"},"geometry":{"type":"Polygon","coordinates":[[[-47.926336,-22.063311],[-47.92688,-22.063025],[-47.927319,-22.062204],[-47.927515,-22.061947],[-47.928035,-22.061729],[-47.928946,-22.061503],[-47.929263,-22.061412],[-47.930417,-22.061375],[-47.930799,-22.061262],[-47.93097,-22.061081],[-47.9311,-22.060598],[-47.930572,-22.06029],[-47.930238,-22.060199],[-47.929474,-22.060101],[-47.928783,-22.05995],[-47.927824,-22.060259],[-47.927476,-22.060387],[-47.927354,-22.060485],[-47.927281,-22.060478],[-47.927289,-22.060448],[-47.927533,-22.060316],[-47.928326,-22.060041],[-47.928817,-22.059913],[-47.929322,-22.059958],[-47.929899,-22.059984],[-47.930411,-22.060071],[-47.930635,-22.060097],[-47.930688,-22.060079],[-47.930671,-22.060018],[-47.930614,-22.059958],[-47.930399,-22.059969],[-47.929976,-22.05989],[-47.929305,-22.0598],[-47.928972,-22.0598],[-47.928574,-22.05989],[-47.927354,-22.060342],[-47.927167,-22.060403],[-47.927057,-22.0605],[-47.926419,-22.060825],[-47.926061,-22.060953],[-47.925781,-22.061115],[-47.925524,-22.061262],[-47.925215,-22.061378],[-47.924894,-22.061503],[-47.924646,-22.061653],[-47.924354,-22.061793],[-47.924256,-22.061906],[-47.924244,-22.062045],[-47.924256,-22.062136],[-47.92441,-22.062494],[-47.924707,-22.062931],[-47.924992,-22.063228],[-47.92522,-22.063379],[-47.92552,-22.063462],[-47.925791,-22.063515],[-47.926336,-22.063311]]]}},{"type":"Feature","properties":{"class":"stream"},"geometry":{"type":"LineString","coordinates":[[-47.939396,-22.063347],[-47.939538,-22.06294],[-47.939936,-22.061875],[-47.940049,-22.061635],[-47.940078,-22.061475],[-47.940172,-22.061402],[-47.940281,-22.061397],[-47.940376,-22.061362],[-47.940481,-22.061179],[-47.940553,-22.060925],[-47.940612,-22.060885],[-47.940703,-22.060632],[-47.940697,-22.060412],[-47.94062,-22.060145],[-47.940411,-22.059992],[-47.939824,-22.059706],[-47.939481,-22.058931],[-47.938558,-22.057996],[-47.937679,-22.057439],[-47.936885,-22.056922],[-47.935983,-22.056505],[-47.935168,-22.056127],[-47.934333,-22.055534],[-47.933494,-22.055093],[-47.932398,-22.053864],[-47.932336,-22.053822],[-47.932278,-22.053787],[-47.932257,-22.053768],[-47.932259,-22.053742],[-47.932265,-22.053711],[-47.93226,-22.053689],[-47.932246,-22.053664],[-47.932252,-22.053644],[-47.932266,-22.053623],[-47.932268,-22.053598],[-47.932257,-22.053578],[-47.932237,-22.053552],[-47.932234,-22.053521],[-47.932235,-22.053475],[-47.932208,-22.053429],[-47.932173,-22.05339],[-47.932137,-22.053373],[-47.932115,-22.053321],[-47.932073,-22.053269],[-47.932014,-22.05321],[-47.931939,-22.053189],[-47.931844,-22.05313],[-47.931802,-22.053102],[-47.93179,-22.05303],[-47.931781,-22.052989],[-47.931763,-22.052945],[-47.931701,-22.052889],[-47.931604,-22.052846],[-47.931453,-22.052742],[-47.931345,-22.052666],[-47.931337,-22.052643],[-47.931353,-22.05262],[-47.93135,-22.052579],[-47.931319,-22.052505],[-47.931271,-22.052404],[-47.931228,-22.052348],[-47.931195,-22.052329],[-47.931162,-22.052315],[-47.931145,-22.052252],[-47.931089,-22.052148]]}},{"type":"Feature","properties":{"class":"stream"},"geometry":{"type":"LineString","coordinates":[[-47.956301,-22.06129],[-47.956687,-22.061012],[-47.957116,-22.060574],[-47.957309,-22.060236],[-47.957459,-22.059997],[-47.957653,-22.059719],[-47.957695,-22.059381],[-47.957846,-22.059043],[-47.958125,-22.058486],[-47.958361,-22.057929],[-47.958704,-22.057372],[-47.959047,-22.056975],[-47.959498,-22.056398],[-47.960077,-22.055662],[-47.960785,-22.054847],[-47.961515,-22.05417],[-47.962137,-22.053614],[-47.962974,-22.053017],[-47.963446,-22.052599],[-47.963875,-22.052122],[-47.964111,-22.051505],[-47.964219,-22.050869],[-47.964176,-22.050272],[-47.964262,-22.049716],[-47.964626,-22.048774],[-47.964669,-22.048661],[-47.965206,-22.047389],[-47.965313,-22.04705],[-47.965463,-22.046792],[-47.965828,-22.046732],[-47.96615,-22.046593],[-47.966364,-22.046334],[-47.966493,-22.046076],[-47.966836,-22.045678],[-47.96718,-22.04534],[-47.967502,-22.045081],[-47.967738,-22.044803],[-47.967965,-22.044506]]}},{"type":"Feature","properties":{"class":"water"},"geometry":{"type":"Polygon","coordinates":[[[-47.9654,-22.047215],[-47.965116,-22.047101],[-47.964904,-22.046996],[-47.964945,-22.047162],[-47.964904,-22.047335],[-47.964831,-22.047644],[-47.964758,-22.047848],[-47.964709,-22.048021],[-47.964668,-22.048172],[-47.964644,-22.048405],[-47.964587,-22.048677],[-47.964626,-22.048774],[-47.96475,-22.048714],[-47.964831,-22.048579],[-47.964831,-22.048503],[-47.96492,-22.048428],[-47.96492,-22.048285],[-47.964994,-22.048179],[-47.965075,-22.048111],[-47.965116,-22.048006],[-47.965172,-22.047878],[-47.965311,-22.047719],[-47.965425,-22.047614],[-47.965555,-22.047486],[-47.96562,-22.04738],[-47.96553,-22.047328],[-47.9654,-22.047215]]]}},{"type":"Feature","properties":{"class":"stream"},"geometry":{"type":"LineString","coordinates":[[-47.973782,-22.053963],[-47.97362,-22.053646],[-47.973571,-22.052998],[-47.973343,-22.052757],[-47.973343,-22.05232],[-47.973587,-22.051807],[-47.973652,-22.051385],[-47.973685,-22.050813],[-47.973701,-22.050345],[-47.973799,-22.049984],[-47.973799,-22.049712],[-47.973701,-22.049381],[-47.973701,-22.049109],[-47.973848,-22.048748],[-47.973994,-22.048341],[-47.974003,-22.048234]]}},{"type":"Feature","properties":{"class":"stream"},"geometry":{"type":"LineString","coordinates":[[-47.974003,-22.048234],[-47.974012,-22.048133]]}}]}